stn_code,sampling_date,month,sampling_time,stn_name,type_water_body,name_of_water_body,river_basin,district,state_name,mon_agency,frequency,major_polluting_sources,use_based_class,visibility_effluent_discharge,weather,approx_depth,human_activities,floating_matter,color,odor,flow,temperature,dissolved_o2,ph,conductivity,bod,nitrate_n,fecal_coliform,total_coliform,fecal_streptococci,turbidity,phenophelene_alkanity,total_alkalinity,chlorides,cod,total_kjeldahl_n,amonia_n,hardness_caco3,calcium_caco3,magnesium_caco3,sulphate,sodium,total_dissolved_solids,total_fixed_solids,total_suspended_solids,phosphate,boron,potassium,flouride,latitude,longitude,fecal_coliform_is_bdl,total_coliform_is_bdl,fecal_streptococci_is_bdl,total_kjeldahl_n_is_bdl,nitrate_n_is_bdl,turbidity_is_bdl,sulphate_is_bdl,sodium_is_bdl,chlorides_is_bdl,phosphate_is_bdl,boron_is_bdl,potassium_is_bdl,flouride_is_bdl,dissolved_o2_is_bdl,total_suspended_solids_is_bdl,phenophelene_alkanity_is_bdl,total_alkalinity_is_bdl
1312,08-05-2025,Aug,16:30:00,"Godavari river at Jaikwadi Dam, Village. Paithan, Taluka. Paithan, District.Ch. Sambhaji Nagar.",River,Godavari,Godavari,Ch. Sambhaji Nagar,Maharashtra,Maharashtra PCB,Monthly,Industrial Effluent,A,Industrial,Clear,Greater than 100cm,Others,No,Clear,Odor Free,1.0,28.0,6.7,8.4,575.0,3.2,0.54,1.8,35.0,1.8,1.0,6.0,122.0,58.48,16.0,1.68,0.43,144.0,64.0,80.0,72.0,60.44,497.0,448.0,10.0,0.78,0.58,2.88,0.5,19.487716666666667,75.3712,True,False,True,False,False,True,False,False,False,False,False,False,False,False,True,False,False
2158,08-05-2025,Aug,16:00:00,"Godavari river at U/s of Paithan at Paithan intake pump house, Village. Jayakwadi, Taluka. Paithan, District. Ch. Sambhaji Nagar.",River,Godavari,Godavari,Ch. Sambhaji Nagar,Maharashtra,Maharashtra PCB,Monthly,Industrial Effluent,A,Industrial,Clear,Greater than 100cm,Others,No,Clear,Odor Free,3.0,28.0,6.6,8.3,576.0,3.2,0.52,1.8,25.0,1.8,1.02,6.0,120.0,63.48,16.0,2.8,0.86,142.0,66.0,76.0,68.88,61.1,489.0,441.0,11.0,0.71,0.61,3.14,0.41,,,True,False,True,False,False,False,False,False,False,False,False,False,False,False,False,False,False
2159,08-05-2025,Aug,17:15:00,"Godavari river at D/s of Paithan at Pathegaon bridge, Village. Pathegaon, Taluka. Paithan, District. Ch. Sambhaji Nagar.",River,Godavari,Godavari,Ch. Sambhaji Nagar,Maharashtra,Maharashtra PCB,Monthly,Industrial Effluent,A,Industrial,Clear,Greater than 100cm,Others,No,Clear,Odor Free,3.0,28.0,6.9,8.5,573.0,3.2,0.56,1.8,20.0,1.8,1.02,6.0,140.0,58.98,16.0,3.36,1.8,140.0,62.0,78.0,68.54,67.84,491.0,442.0,11.0,0.76,0.56,3.16,0.45,,,True,False,True,False,False,False,False,False,False,False,False,False,False,False,False,False,False
2160,08-05-2025,Aug,15:00:00,"Godavari river at U/s of Aurangabad Reservoir,Kaigaon Tokka near Kaigaon bridge,Village. Kaigaon,Taluka. Gangapur,District. Ch. Sambhaji Nagar.",River,Godavari,Godavari,Ch. Sambhaji Nagar,Maharashtra,Maharashtra PCB,Monthly,Industrial Effluent,A,Industrial,Clear,Greater than 100cm,Others,No,Clear,Odor Free,3.0,28.0,7.0,7.9,592.0,3.4,0.58,1.8,13.0,1.8,1.02,6.0,140.0,55.98,20.0,2.24,0.4,140.0,72.0,68.0,73.3,55.38,479.0,612.0,10.0,1.47,0.55,3.13,0.6,,,True,False,True,False,False,False,False,False,False,False,False,False,False,False,True,False,False
2161,08-04-2025,Aug,15:30:00,"Godavari river at Jalna Intake water pump house, Village. Shahabad, Taluka. Ambad, District. Jalna.",River,Godavari,Godavari,Jalna,Maharashtra,Maharashtra PCB,Monthly,Industrial Effluent,A,Industrial,Clear,Less than 50cm,Others,Yes,Clear,,2.0,29.0,6.6,8.7,922.0,3.8,0.63,1.8,14.0,1.8,1.03,6.0,130.0,98.47,20.0,1.68,0.44,160.0,82.0,78.0,128.8,114.98,765.0,689.0,12.0,0.33,0.56,4.57,0.49,,,True,False,True,False,False,False,False,False,False,False,False,False,False,False,False,False,False
2657,08-04-2025,Aug,13:00:00,"Bindusara river at Beed, near intake water pump house at Dam, Village. Paligaon, Taluka. Beed, District. Beed.",River,Bindusara,Bindusara,Beed,Maharashtra,Maharashtra PCB,Monthly,Industrial Effluent,A,Industrial,Clear,Less than 50cm,Others,Yes,Clear,,0.5,30.0,7.1,8.6,356.0,3.0,0.7,1.8,17.0,1.8,1.01,6.0,140.0,13.0,16.0,5.6,2.28,120.0,60.0,60.0,21.1,20.8,316.0,285.0,10.0,1.12,0.55,1.54,0.95,,,True,False,True,False,False,False,False,False,False,False,False,False,False,False,True,False,False
2157,08-03-2025,Aug,08:00:00,"Godavari river at Latur water intake near Pump house. Village. Dhamegaon, Taluka. Kalumb, District. Dharashiv",River,Godavari,Godavari,Latur,Maharashtra,Maharashtra PCB,Monthly,,A,,Cloudy,50-100cm,Fishing,Yes,Light Brown,Odor Free,1.0,20.0,7.0,8.3,506.0,3.2,1.8,1.8,21.0,1.8,1.2,6.0,150.0,52.48,16.0,3.36,1.35,140.0,64.0,76.0,46.5,46.91,418.0,377.0,12.0,0.2,0.56,4.48,0.99,,,True,False,True,False,False,False,False,False,False,True,False,False,False,False,False,False,False
2673,08-03-2025,Aug,09:00:00,"Manjra river at D/s of Latur, near Latur. Nanded bridge, Village. Bhatkheda, Taluka. Latur, District. Latur.",River,Manjara,Manjara,Latur,Maharashtra,Maharashtra PCB,Monthly,Municipal Sewage,A,Muncipal Sewage,Cloudy,50-100cm,"Washing,Fishing",Yes,Light Brown,Fishy,8.0,22.0,6.8,8.5,526.0,3.6,1.95,1.8,25.0,1.8,1.22,6.0,148.0,50.48,20.0,5.04,2.54,120.0,60.0,60.0,56.86,48.67,441.0,397.0,10.0,1.0,0.58,4.17,0.72,,,True,False,True,False,False,False,False,False,False,False,False,False,False,False,True,False,False
1209,08-05-2025,Aug,11:30:00,"Godavari river at Raher, Village.Raher, Taluka. Nayagaon, District. Nanded.",River,Godavari,Godavari,Nanded,Maharashtra,Maharashtra PCB,Monthly,Industrial Effluent,A,Industrial,Clear,Less than 50cm,Fishing,Yes,Clear,,0.0,31.0,6.0,8.1,721.0,3.8,3.2,1.8,21.0,1.8,1.03,6.0,100.0,54.98,16.0,4.48,0.41,148.0,64.0,84.0,63.3,46.8,353.0,318.0,10.0,0.77,0.53,3.24,0.89,,,True,False,True,False,False,False,False,False,False,False,False,False,False,False,True,False,False
1210,08-05-2025,Aug,08:30:00,"Godavari river near Intake water pump house, Village. Vishnupuri, Taluka. Nanded, District. Nanded.",River,Godavari,Godavari,Nanded,Maharashtra,Maharashtra PCB,Monthly,Industrial Effluent,A,Industrial,Clear,Less than 50cm,"Fishing,Boating,Tourism Spot",Yes,Clear,,0.0,31.0,6.4,8.3,409.0,3.8,2.1,1.8,15.0,1.8,1.27,6.0,142.0,32.49,20.0,2.24,1.49,130.0,60.0,70.0,60.7,44.39,355.0,320.0,12.0,0.49,0.53,3.05,0.46,,,True,False,True,False,False,False,False,False,False,False,False,False,False,False,False,False,False
5992,08-05-2025,Aug,09:30:00,"Asna River, Dist- Nanded",River,,,Nanded,Maharashtra,Maharashtra PCB,Monthly,Industrial Effluent,A,Industrial,Clear,Less than 50cm,"Bathing,Fishing",Yes,Clear,,0.0,31.0,5.3,9.0,413.0,4.8,1.74,1.8,25.0,1.8,1.2,6.0,100.0,32.99,24.0,3.36,1.82,120.0,62.0,58.0,58.64,38.47,339.0,306.0,11.0,0.32,0.59,3.25,0.31,,,True,False,True,False,False,False,False,False,False,False,False,False,False,False,False,False,False
12,08-04-2025,Aug,09:10:00,"Godavari river at Dhalegaon, Village. Dhalegaon, Taluka. Pathari,  District. Parbhani.",River,Godavari,Godavari,Parbhani,Maharashtra,Maharashtra PCB,Monthly,,E,,Clear,Greater than 100cm,Cultivation,Yes,Clear,,0.0,18.0,7.7,8.5,332.0,2.8,0.74,1.8,30.0,1.8,1.02,6.0,146.0,18.99,12.0,3.36,2.01,164.0,84.0,80.0,23.02,31.91,302.0,272.0,11.0,1.02,0.54,3.02,0.84,,,True,False,True,False,False,False,False,False,False,False,False,False,False,False,False,False,False
5991,08-03-2025,Aug,17:10:00,"Purna River, Yeldari dam, Dist- Parbhani",River,,,Parbhani,Maharashtra,Maharashtra PCB,Monthly,,C,,Clear,Greater than 100cm,Cultivation,Yes,Clear,,0.0,19.0,7.4,7.8,4231.0,3.2,0.66,1.8,20.0,1.8,1.01,6.0,132.0,32.99,16.0,4.48,2.4,122.0,58.0,64.0,35.28,32.62,356.0,321.0,10.0,1.01,0.53,3.49,0.98,,,True,False,True,False,False,False,False,False,False,False,False,False,False,False,True,False,False
37,08-05-2025,Aug,11:00:00,"Krishna river at Maighat, Village. Gawali gally, Taluka. Miraj,  District. Sangli.",River,Krishna,Krishna,Sangli,Maharashtra,Maharashtra PCB,Monthly,Industrial Effluent,A,Industrial,Cloudy,Less than 50cm,Others,No,Clear,Odor Free,0.0,26.0,5.9,7.9,3336.0,3.0,1.35,6.8,25.0,1.8,1.0,5.0,1260.0,24.39,12.0,1.5,0.52,131.0,78.6,52.4,23.84,11.0,246.0,221.0,12.0,0.2,,1.0,0.2,,,False,False,True,True,False,True,False,False,False,True,False,True,True,False,False,True,False
1906,08-04-2025,Aug,13:15:00,"Krishna river at Walwa, D/s of Islampur near Vithal Temple, Village. Walwa, Taluka. Walwa, District. Sangli.",River,Krishna,Krishna,Sangli,Maharashtra,Maharashtra PCB,Monthly,Industrial Effluent,A,Industrial,Cloudy,Less than 50cm,Others,No,Clear,Odor Free,0.0,27.0,6.7,7.9,2244.0,2.8,1.12,6.1,24.0,1.8,1.0,5.0,1100.0,8.35,16.0,1.5,0.4,99.6,63.2,36.4,6.24,5.0,168.0,151.0,12.0,0.2,,1.0,0.2,17.0279,74.36885,False,False,True,True,False,True,False,True,False,True,False,True,True,False,False,True,False
5988,08-04-2025,Aug,12:40:00,"Krishna River at nagthane KT weir, nagthane, Tal-Walwa, Dist-Sangli",River,,,Sangli,Maharashtra,Maharashtra PCB,Monthly,Industrial Effluent,A,Industrial,Cloudy,Less than 50cm,Others,No,Clear,Odor Free,0.0,27.0,6.1,7.9,2618.0,3.0,1.24,8.3,34.0,1.8,1.0,5.0,1080.0,17.74,20.0,1.5,0.54,112.0,67.4,44.6,15.14,8.0,202.0,182.0,12.0,0.2,,1.0,0.2,,,False,False,True,True,False,True,False,False,False,True,False,True,True,False,False,True,False
5989,08-05-2025,Aug,11:25:00,"Krishna River at krishna ghat, miraj Dist-Sangli",River,,,Sangli,Maharashtra,Maharashtra PCB,Monthly,Industrial Effluent,A,Industrial,Cloudy,Less than 50cm,Others,No,Muddish,Odor Free,0.0,26.0,6.2,7.9,2725.0,3.0,1.45,8.1,33.0,1.8,1.0,5.0,1160.0,18.54,20.0,1.68,0.61,113.0,69.4,43.6,19.24,8.4,204.0,184.0,12.0,0.2,,1.0,0.22,,,False,False,True,False,False,True,False,False,False,True,False,True,False,False,False,True,False
5990,08-05-2025,Aug,12:45:00,"Krishna River at new haripur bridge, Tal- Miraj, Dist-Sangli",River,,,Sangli,Maharashtra,Maharashtra PCB,Monthly,Industrial Effluent,A,Industrial,Cloudy,Less than 50cm,Others,No,Muddish,Odor Free,0.0,27.0,6.8,8.0,2348.0,2.8,1.1,6.1,26.0,1.8,1.0,5.0,1000.0,15.25,16.0,1.5,0.4,97.4,62.0,35.4,13.56,7.0,174.0,157.0,12.0,0.2,,1.0,0.22,,,False,False,True,True,False,True,False,False,False,True,False,True,False,False,False,True,False
2164,08-06-2025,Aug,05:05:00,"Vashishti river at U/s of Three M Paper Mills near M/s Multifilms Plastic  Pvt. Ltd ., Village. Kherdi, Taluka. Chiplun, District. Ratnagiri.",River,Vashisthi,Vashisthi,Ratnagiri,Maharashtra,Maharashtra PCB,Monthly,Industrial Effluent,A,Industrial,Clear,Less than 50cm,Others,Yes,Clear,,0.0,,6.8,7.3,130.0,2.6,0.58,6.8,26.0,1.8,1.0,5.0,56.0,5.0,12.0,1.5,0.4,60.6,34.8,25.8,6.01,5.0,102.0,92.0,12.0,0.2,,1.0,0.31,,,False,False,True,True,False,True,False,True,True,True,False,True,False,False,False,True,False
2713,08-06-2025,Aug,17:20:00,"Vashishti river at D/s of Three M Paper Mills near Chiplun water intake  jackwell,  Village. Kherdi, Taluka. Chiplun, District. Ratnagiri.",River,Vashisthi,Vashisthi,Ratnagiri,Maharashtra,Maharashtra PCB,Monthly,Industrial Effluent,A,Industrial,Clear,Less than 50cm,Others,Yes,Clear,,0.0,,6.7,7.3,129.0,2.8,0.55,4.5,22.0,1.8,1.0,5.0,62.0,5.0,16.0,1.5,0.56,58.4,32.4,26.0,6.29,5.0,101.0,91.0,11.0,0.2,,1.0,0.25,,,False,False,True,True,False,True,False,True,True,True,False,True,False,False,False,True,False
2714,08-06-2025,Aug,16:05:00,"Vashishti river at U/s of Pophali near Konphansawane bridge, Village. Pophali, Taluka. Chiplun, District. Ratnagiri.",River,Vashisthi,Vashisthi,Ratnagiri,Maharashtra,Maharashtra PCB,Monthly,Industrial Effluent,A,Industrial,Clear,Less than 50cm,Others,Yes,Clear,,0.0,,6.0,7.6,75.0,3.0,0.3,9.3,34.0,1.8,1.0,5.0,44.0,6.9,20.0,1.5,0.4,38.6,21.8,16.8,7.01,5.0,64.0,58.0,11.0,0.2,,1.0,0.23,,,False,False,True,True,True,True,False,True,False,True,False,True,False,False,False,True,False
2804,08-06-2025,Aug,18:00:00,"Karambavane creek at Chiplun, Village. Karambavane, Taluka. Chiplun, District. Ratnagiri.",Creek,Karambavane,Karambavane,Ratnagiri,Maharashtra,Maharashtra PCB,Monthly,Industrial Effluent,A,Industrial,Clear,Less than 50cm,Others,Yes,Clear,,0.0,,7.0,7.4,655.0,2.8,0.3,6.0,25.0,1.8,1.0,5.0,64.0,150.15,12.0,1.5,0.54,87.2,34.2,53.0,23.38,68.0,468.0,421.0,12.0,0.2,,1.64,0.2,,,False,False,True,True,True,True,False,False,False,True,False,False,True,False,False,True,False
2676,08-04-2025,Aug,14:30:00,"Muchkundi river at Waked, Ratnagiri, near M/s Asahi India Glass Ltd., Village. Waked, Taluka. Lanja, District. Ratnagiri.",River,Muchkundi,Muchkundi,Ratnagiri,Maharashtra,Maharashtra PCB,Monthly,,C,,Clear,50-100cm,Idol Emersion Wading,Yes,Clear,Odor Free,0.0,28.0,6.9,7.4,153.0,2.8,0.34,5.6,24.0,1.8,1.0,5.0,34.0,26.39,12.0,1.5,0.62,41.2,15.0,26.2,14.3,12.0,118.0,106.0,12.0,0.2,,1.0,0.32,,,False,False,True,True,False,True,False,False,False,True,False,True,False,False,False,True,False
2813,08-04-2025,Aug,10:05:00,"Sea Water at Ganapathipule, Village. Ganapatipule, Taluka. Ratnagiri,  District. Ratnagiri.",Sea,Ganptipule,Ganptipule,Ratnagiri,Maharashtra,Maharashtra PCB,Monthly,,B,,Clear,50-100cm,"Bathing,Fishing,Boating,Tourism Spot,Idol Emersion Wading",Yes,Clear,Odor Free,0.0,28.0,6.9,7.9,47120.0,12.0,0.47,27.0,110.0,,1.0,14.0,104.0,18069.4,280.0,1.5,0.4,7390.0,1160.0,6230.0,3862.0,8300.0,38400.0,34560.0,14.0,0.2,,262.0,2.9,,,False,False,False,True,False,True,False,False,False,True,False,False,False,False,False,False,False
2814,08-04-2025,Aug,12:00:00,"Sea water at Bhagwati Bunder, Ratnagiri near Ultra Tech Cement Jetty , Village. Mirkarwada, Taluka. Ratnagiri, District. Ratnagiri.",Sea,Bhagwati Bundar,Bhagwati Bundar,Ratnagiri,Maharashtra,Maharashtra PCB,Monthly,00-01-1900,B,Muncipal Sewage,Clear,50-100cm,"Bathing,Fishing,Boating,Tourism Spot,Idol Emersion Wading",Yes,Clear,,0.0,28.0,7.0,7.9,46480.0,14.0,0.51,32.0,120.0,,1.0,12.0,110.0,18344.31,288.0,1.5,0.4,6320.0,1160.0,5160.0,3208.0,8400.0,37600.0,33840.0,14.0,0.2,,283.0,2.7,,,False,False,False,True,False,True,False,False,False,True,False,False,False,False,False,False,False
2815,08-04-2025,Aug,11:35:00,"Madvi sea water at Ratnagiri near Jodhale Maruti Temple,  Village. Madvigaon, Taluka. Ratnagiri, District. Ratnagiri.",Sea,Mandvi,Mandvi,Ratnagiri,Maharashtra,Maharashtra PCB,Monthly,Industrial Effluent,B,Muncipal Sewage,Clear,50-100cm,"Bathing,Fishing,Boating,Tourism Spot,Idol Emersion Wading",Yes,Clear,Odor Free,0.0,28.0,6.8,7.9,29670.0,13.0,0.4,13.0,70.0,,1.0,8.0,86.0,10246.82,252.0,1.5,0.42,4015.0,775.0,3240.0,2699.0,5200.0,24200.0,21780.0,13.0,0.2,,212.0,2.4,,,False,False,False,True,False,True,False,False,False,True,False,False,False,False,False,False,False
2199,08-04-2025,Aug,16:45:00,"Savitri river at Ovale village, Village. Ovale, Taluka. Mahad, District. Raigad.",River,Savitri,Savitri,Raigad,Maharashtra,Maharashtra PCB,Monthly,Industrial Effluent,A,Industrial,Clear,Less than 50cm,Fishing,Yes,Clear,,0.0,28.0,6.8,7.7,105.0,3.0,0.3,5.6,22.0,1.8,1.0,5.0,46.0,18.59,16.0,1.5,0.4,48.0,25.2,22.8,9.6,8.5,91.0,78.0,12.0,0.2,,1.0,0.2,,,False,False,True,True,True,True,False,False,False,True,False,True,True,False,False,True,False
2701,08-04-2025,Aug,12:15:00,"Savitri river Jackwell at Upsa kendre , Village. Nangalwadi, Taluka. Mahad, District. Raigad.",River,Savitri,Savitri,Raigad,Maharashtra,Maharashtra PCB,Monthly,Industrial Effluent,A,Industrial,Clear,Less than 50cm,"Washing,Fishing",Yes,Clear,,0.0,28.0,6.9,7.6,92.0,2.8,0.3,6.1,27.0,1.8,1.0,5.0,46.0,6.7,16.0,1.5,0.41,42.6,27.8,14.8,9.2,5.0,76.0,68.0,11.0,0.2,,1.0,0.36,,,False,False,True,True,True,True,False,True,False,True,False,True,False,False,False,True,False
2702,08-04-2025,Aug,14:10:00,"Savitri river at Shedav Dov, Village. Shedav Dov, Taluka. Mahad, District. Raigad.",River,Savitri,Savitri,Raigad,Maharashtra,Maharashtra PCB,Monthly,Industrial Effluent,A,Industrial,Clear,Less than 50cm,"Washing,Fishing",Yes,Clear,,0.0,28.0,6.8,7.6,106.0,3.0,0.3,6.1,26.0,1.8,1.0,5.0,46.0,8.85,16.0,1.5,0.4,43.6,26.2,17.4,10.1,5.0,88.0,79.0,12.0,0.2,,1.0,0.45,,,False,False,True,True,True,True,False,True,False,True,False,True,False,False,False,True,False
2703,08-04-2025,Aug,14:40:00,"Savitri river at Dadli road bridge, Village. Dadli, Taluka. Mahad, District. Raigad.",River,Savitri,Savitri,Raigad,Maharashtra,Maharashtra PCB,Monthly,Industrial Effluent,A,Industrial,Clear,Less than 50cm,Fishing,Yes,Clear,,0.0,28.0,6.9,7.6,84.0,2.4,0.3,6.8,26.0,1.8,1.0,5.0,40.0,8.8,20.0,1.5,0.48,38.8,23.2,15.6,9.6,5.0,67.0,60.0,11.0,0.2,,1.0,0.55,,,False,False,True,True,True,True,False,True,False,True,False,True,False,False,False,True,False
2704,08-04-2025,Aug,15:20:00,"Savitri river at Muthavali village,  Village. Muthavali, Taluka. Mahad, District. Raigad.",River,Savitri,Savitri,Raigad,Maharashtra,Maharashtra PCB,Monthly,Industrial Effluent,A,Industrial,Clear,Less than 50cm,Fishing,Yes,Clear,,0.0,28.0,6.7,7.6,89.0,2.8,0.3,6.1,24.0,1.8,1.0,5.0,38.0,8.85,12.0,1.5,0.4,38.8,23.2,15.6,8.5,5.0,69.0,62.0,11.0,0.2,,1.0,0.32,,,False,False,True,True,True,True,False,True,False,True,False,True,False,False,False,True,False
5996,08-11-2025,Aug,17:20:00,"Ulhas river neral, Tal- Karjat, Dist- Raigad",River,,,Raigad,Maharashtra,Maharashtra PCB,Monthly,Industrial Effluent,A,Industrial,Clear,Less than 50cm,"Bathing,Washing,Gardening,Others",Yes,Clear,,0.0,29.0,7.2,7.4,148.0,3.0,0.59,14.0,140.0,1.8,8.64,5.0,72.0,14.0,12.0,1.5,0.4,62.0,32.0,30.0,5.0,8.21,120.0,106.0,14.0,0.24,0.5,1.0,0.2,,,False,False,True,True,False,False,True,False,False,False,True,True,True,False,False,True,False
5997,08-06-2025,Aug,17:15:00,"Kundalika river , kolad, Dist- Raigad",River,,,Raigad,Maharashtra,Maharashtra PCB,Monthly,Industrial Effluent,A,Industrial,Clear,Less than 50cm,"Bathing,Washing,Gardening,Others",Yes,Clear,,0.0,28.0,7.2,7.6,225.0,3.0,0.3,23.0,140.0,1.8,1.0,5.0,32.0,15.5,8.0,1.5,0.4,30.0,14.0,16.0,5.0,7.15,192.0,168.0,10.0,0.2,0.5,1.0,0.2,,,False,False,True,True,True,True,True,False,False,True,True,True,True,False,True,True,False
2782,08-06-2025,Aug,13:45:00,"Rabodi nalla, Village. Rabodi,Taluka. Thane, District. Thane.",Nala,Rabodi,Rabodi,Thane,Maharashtra,Maharashtra PCB,Monthly,Industrial Effluent,A,Industrial,Clear,Less than 50cm,Others,Yes,Clear,,0.0,28.0,0.3,7.2,721.0,44.0,1.98,220.0,540.0,,4.76,5.0,230.0,72.98,128.0,6.72,4.12,188.0,128.0,60.0,61.66,42.99,518.0,456.0,41.0,1.4,0.5,11.2,0.2,,,False,False,False,False,False,False,False,False,False,False,True,False,True,True,False,True,False
2783,08-06-2025,Aug,14:20:00,"Colour chem  Nalla, Village. Majiwada,Taluka. Thane,District. Thane.",Nala,Colour Chem ,Colour Chem ,Thane,Maharashtra,Maharashtra PCB,Monthly,Industrial Effluent,A,Industrial,Clear,Less than 50cm,Others,Yes,Clear,,0.0,28.0,1.0,7.4,711.0,30.0,2.09,140.0,540.0,,6.29,5.0,232.0,71.48,84.0,8.96,4.26,190.0,126.0,64.0,54.02,41.24,510.0,452.0,62.0,0.25,0.5,10.91,0.2,,,False,False,False,False,False,False,False,False,False,False,True,False,True,False,False,True,False
2784,08-06-2025,Aug,15:10:00,"Sandoz nalla, Village. Sandozbaug,Taluka. Thane,District. Thane.",Nala,Sandoz ,Sandoz ,Thane,Maharashtra,Maharashtra PCB,Monthly,Industrial Effluent,A,Industrial,Clear,Less than 50cm,Others,Yes,Clear,,0.0,28.0,0.9,7.3,717.0,35.0,2.0,110.0,430.0,,4.55,5.0,236.0,74.98,80.0,7.84,4.18,188.0,132.0,56.0,50.46,35.0,526.0,463.0,52.0,0.23,0.5,11.2,0.2,,,False,False,False,False,False,False,False,False,False,False,True,False,True,False,False,True,False
2792,08-06-2025,Aug,11:35:00,"Ulhas creek at Mumbra Reti bunder, Village. Mumbra,Taluka. Thane, District. Thane.",Creek,Ulhas ,Ulhas ,Thane,Maharashtra,Maharashtra PCB,Monthly,Industrial Effluent,A,Industrial,Clear,Less than 50cm,Others,Yes,Clear,,0.0,28.0,6.4,7.2,10750.0,4.6,0.85,220.0,920.0,,1.11,5.0,112.0,3673.86,8.0,2.24,0.4,1090.0,210.0,880.0,411.0,1713.0,9158.0,8059.0,45.0,0.2,0.63,57.82,0.24,,,False,False,False,False,False,False,False,False,False,True,False,False,False,False,False,True,False
2793,08-06-2025,Aug,13:00:00,"Thane creek at Kalwa road bridge, Village. Kalwa,Taluka. Thane,District. Thane.",Creek,Thane ,Thane ,Thane,Maharashtra,Maharashtra PCB,Monthly,Industrial Effluent,A,Industrial,Clear,Less than 50cm,Others,Yes,Clear,,0.0,28.0,5.0,7.3,10650.0,8.4,0.85,280.0,920.0,,1.0,5.0,110.0,3623.88,64.0,2.24,0.4,1240.0,210.0,1030.0,265.6,1660.0,9058.0,7972.0,46.0,0.2,0.64,68.28,0.24,,,False,False,False,False,False,True,False,False,False,True,False,False,False,False,False,True,False
2794,08-06-2025,Aug,10:50:00,"Ulhas creek at Kolshet Reti bunder, Village. Kolshet, Taluka. Thane, District. Thane.",Creek,Ulhas ,Ulhas ,Thane,Maharashtra,Maharashtra PCB,Monthly,Industrial Effluent,A,Industrial,Clear,Less than 50cm,Others,Yes,Clear,,0.0,28.0,6.4,7.3,10660.0,4.4,0.83,94.0,430.0,,1.06,5.0,104.0,3498.92,8.0,1.5,0.4,1050.0,210.0,840.0,386.8,1766.8,9062.0,7975.0,40.0,0.2,0.61,57.9,0.23,,,False,False,False,True,False,False,False,False,False,True,False,False,False,False,False,True,False
2795,08-06-2025,Aug,10:00:00,"Ulhas creek at Gaimukh at Nagla Bunder on Ghod bunder road, Village. Nagla,Taluka. Thane,District. Thane.",Creek,Ulhas ,Ulhas ,Thane,Maharashtra,Maharashtra PCB,Monthly,Industrial Effluent,A,Industrial,Clear,Less than 50cm,Others,Yes,Clear,,0.0,28.0,5.2,7.2,11190.0,7.4,0.85,110.0,540.0,,1.0,5.0,84.0,3523.91,44.0,2.24,0.4,1100.0,220.0,880.0,803.6,1531.5,9511.0,8370.0,58.0,0.28,0.6,57.29,0.24,,,False,False,False,False,False,True,False,False,False,False,False,False,False,False,False,True,False
1316,08-07-2025,Aug,12:25:00,"Bassein creek at VasaiFort , Village. Bassein, Taluka. Vasai, District. Thane.",Creek,Bassein ,Bassein ,Thane,Maharashtra,Maharashtra PCB,Monthly,Industrial Effluent,A,Industrial,Clear,Less than 50cm,Others,Yes,Clear,,0.0,29.0,4.4,7.6,27990.0,14.0,0.91,110.0,540.0,,2.35,5.0,102.0,12296.19,204.0,2.24,0.4,3420.0,560.0,2860.0,1536.0,4824.5,25589.0,22518.0,52.0,0.26,1.1,210.0,0.52,,,False,False,False,False,False,False,False,False,False,False,False,False,False,False,False,True,False
2696,08-07-2025,Aug,14:30:00,"Pehlar Dam on Pehlar river. inlet of water works, Village. Pehlar, Taluka. Vasai, District. Thane.",Dam,Pehlar,Pehlar ,Thane,Maharashtra,Maharashtra PCB,Monthly,Industrial Effluent,A,Industrial,Clear,Less than 50cm,Others,Yes,Clear,,0.0,29.0,7.0,7.5,1562.0,2.0,0.4,1.8,22.0,1.8,1.13,5.0,56.0,17.99,8.0,1.5,0.4,56.0,34.0,22.0,5.0,10.85,132.0,116.0,10.0,0.35,0.5,1.0,0.2,,,True,False,True,True,False,False,True,False,False,False,True,True,True,False,True,True,False
2796,08-07-2025,Aug,15:15:00,"Ulhas creek at Versova bridge, Village. Versova, Taluka. Vasai, District. Thane.",Creek,Ulhas ,Ulhas ,Thane,Maharashtra,Maharashtra PCB,Monthly,Industrial Effluent,A,Industrial,Clear,Less than 50cm,Others,Yes,Clear,,0.0,30.0,5.0,7.1,21890.0,8.0,1.03,110.0,430.0,,2.6,5.0,96.0,8797.27,72.0,2.24,0.4,2760.0,480.0,2280.0,1234.0,3320.0,19520.0,17177.0,52.0,0.27,1.03,116.18,0.42,,,False,False,False,False,False,False,False,False,False,False,False,False,False,False,False,True,False
2797,08-07-2025,Aug,11:45:00,"Bhayander creek at D/s of Railway bridge at  Jasal park choupathy, Village. Navghar, Taluka. Bhayander, District. Thane.",Creek,Bhayander ,Bhayander ,Thane,Maharashtra,Maharashtra PCB,Monthly,Industrial Effluent,A,Industrial,Clear,Less than 50cm,Others,Yes,Clear,,0.0,28.0,4.6,7.5,27180.0,14.0,0.96,170.0,920.0,,2.01,5.0,102.0,11996.28,216.0,2.24,0.4,3880.0,520.0,3360.0,935.0,5881.0,25642.0,22564.0,59.0,0.31,1.09,200.7,0.53,,,False,False,False,False,False,False,False,False,False,False,False,False,False,False,False,True,False
2805,08-07-2025,Aug,13:15:00,"Arnala sea, Village. Arnala, Taluka. Vasai, District. Thane.",Sea,Arnala ,Arnala ,Thane,Maharashtra,Maharashtra PCB,Monthly,Industrial Effluent,A,Industrial,Clear,Less than 50cm,Others,Yes,Clear,,0.0,29.0,4.8,7.8,37920.0,12.0,0.91,140.0,540.0,,2.71,5.0,108.0,16194.98,108.0,2.24,0.4,4640.0,760.0,3880.0,1471.0,8398.0,33290.0,29295.0,58.0,0.22,1.31,266.8,,,,False,False,False,False,False,False,False,False,False,False,False,False,False,False,False,True,False
2806,08-07-2025,Aug,11:00:00,"Uttan sea at Bhayander, Village. Uttan, Taluka. Bhayander, District. Thane.",Sea,Uttan ,Uttan ,Thane,Maharashtra,Maharashtra PCB,Monthly,Industrial Effluent,A,Industrial,Clear,Less than 50cm,Others,Yes,Clear,,0.0,26.0,4.4,7.7,39010.0,16.0,0.87,110.0,920.0,,10.1,5.0,118.0,15395.23,208.0,2.24,0.4,4840.0,720.0,4120.0,1612.5,7330.0,33158.0,29179.0,62.0,0.34,1.33,210.3,0.56,,,False,False,False,False,False,False,False,False,False,False,False,False,False,False,False,True,False
2798,08-06-2025,Aug,10:05:00,"Kharekuran Murbe creek , Village. Kharekuran, Taluka. Palghar, District. Thane.",Creek,Kharekuran Murbe ,Kharekuran Murbe ,Thane,Maharashtra,Maharashtra PCB,Monthly,Industrial Effluent,A,,Raining,Less than 50cm,Others,Yes,Light Brown,,0.0,26.0,3.9,7.9,30560.0,18.0,0.62,140.0,540.0,,1.5,5.0,124.0,12696.06,208.0,1.5,0.4,4000.0,600.0,3400.0,973.5,6275.0,26892.0,23665.0,64.0,0.23,0.5,302.0,0.66,,,False,False,False,True,False,False,False,False,False,False,True,False,False,False,False,True,False
2799,08-06-2025,Aug,11:30:00,"Dandi Creek, Village. Dandi, Taluka. Palghar, District. Thane.",Creek,Dandi ,Dandi ,Thane,Maharashtra,Maharashtra PCB,Monthly,Industrial Effluent,A,,Raining,Less than 50cm,Others,Yes,Light Brown,,0.0,26.0,4.0,8.0,30570.0,16.0,0.65,70.0,430.0,,1.44,5.0,122.0,13495.82,212.0,1.5,0.4,3800.0,660.0,3140.0,1057.0,7465.0,27384.0,24525.0,68.0,0.24,0.5,385.0,0.64,,,False,False,False,True,False,False,False,False,False,False,True,False,False,False,False,True,False
2800,08-06-2025,Aug,10:30:00,"Sarwali Creek, Village. Sarwali, Taluka. Palghar, District. Thane.",Creek,Sarwali ,Sarwali ,Thane,Maharashtra,Maharashtra PCB,Monthly,Industrial Effluent,A,,Cloudy,Less than 50cm,Others,Yes,Clear,,0.0,26.0,7.3,7.6,849.0,3.0,3.82,94.0,540.0,,1.0,5.0,184.0,130.96,20.0,5.6,0.4,262.0,156.0,106.0,26.32,65.3,721.0,635.0,14.0,0.2,0.5,6.94,1.1,,,False,False,False,False,False,True,False,False,False,True,True,False,False,False,False,True,False
2807,08-06-2025,Aug,10:45:00,"Navapur sea, Village. Navapur, Taluka. Palghar, District. Thane.",Sea,Navapur ,Navapur ,Thane,Maharashtra,Maharashtra PCB,Monthly,Industrial Effluent,A,,Raining,Less than 50cm,Others,Yes,Light Brown,,0.0,26.0,4.4,7.8,29910.0,16.0,1.14,140.0,540.0,,1.47,5.0,130.0,13195.91,196.0,2.24,0.4,4120.0,640.0,3480.0,1119.5,6852.0,26120.0,22985.0,42.0,0.2,0.5,314.8,0.67,,,False,False,False,False,False,False,False,False,False,True,True,False,False,False,False,True,False
2785,08-06-2025,Aug,11:00:00,"BPT, Navapur, Village. Navapur, Taluka. Palghar, District. Thane.",Nala,BPT Navapur ,BPT Navapur ,Thane,Maharashtra,Maharashtra PCB,Monthly,Industrial Effluent,A,,Raining,Less than 50cm,Others,Yes,Blackish,,0.0,26.0,0.3,7.4,5985.0,54.0,2.29,63.0,280.0,,19.0,5.0,526.0,1109.66,180.0,8.96,4.23,352.0,236.0,116.0,655.2,987.2,4985.0,4376.0,64.0,0.2,0.5,52.39,0.58,,,False,False,False,False,False,False,False,False,False,True,True,False,False,True,False,True,False
2786,08-06-2025,Aug,11:55:00,"Tarapur MIDC Nalla ( near Sump 1), Village. MIDC Tarapur, Taluka. Palghar, District. Thane.",Nala,Tarapur MIDC Nalla,Tarapur MIDC Nalla,Thane,Maharashtra,Maharashtra PCB,Monthly,Industrial Effluent,A,,Raining,Less than 50cm,Others,Yes,Light Brown,,0.0,26.0,0.3,7.3,2473.0,58.0,21.0,33.0,280.0,,3.95,5.0,198.0,709.78,144.0,28.0,4.07,728.0,476.0,252.0,108.12,281.6,2138.0,1920.0,16.0,0.2,0.5,12.87,2.1,,,False,False,False,False,False,False,False,False,False,True,True,False,False,True,False,True,False
2787,08-06-2025,Aug,12:15:00,"Tarapur MIDC Nalla ( Near Sump 2), Village. MIDC  Tarapur, Taluka. Palghar, District. Thane.",Nala,Tarapur MIDC Nalla,Tarapur MIDC Nalla,Thane,Maharashtra,Maharashtra PCB,Monthly,Industrial Effluent,A,,Raining,Less than 50cm,Others,Yes,Light Brown,,0.0,26.0,0.3,7.3,1728.0,110.0,1.41,40.0,220.0,,30.7,5.0,390.0,279.91,312.0,32.48,16.92,544.0,312.0,232.0,121.4,168.24,1690.0,1487.0,27.0,2.0,0.5,16.47,0.42,,,False,False,False,False,False,False,False,False,False,False,True,False,False,True,False,True,False
2788,08-06-2025,Aug,12:30:00,"Tarapur MIDC Nalla ( Near Sump 3), Village. MIDC  Tarapur, Taluka. Palghar, District. Thane.",Nala,Tarapur MIDC Nalla,Tarapur MIDC Nalla,Thane,Maharashtra,Maharashtra PCB,Monthly,Industrial Effluent,A,,Raining,Less than 50cm,Others,Yes,Pale Yellow,,0.0,26.0,0.3,6.9,7297.0,210.0,2.16,33.0,280.0,,44.2,5.0,312.0,1909.41,624.0,28.0,14.9,736.0,280.0,456.0,548.6,1021.0,6202.0,5458.0,73.0,0.38,0.5,28.36,0.48,,,False,False,False,False,False,False,False,False,False,False,True,False,False,True,False,True,False
2706,08-06-2025,Aug,10:00:00,"Surya River at U/S of Surya Dam, Village. Dhamni, Taluka. Vikramgad, District. Thane.",River,Surya ,Surya ,Thane,Maharashtra,Maharashtra PCB,Monthly,Industrial Effluent,A,,Cloudy,Less than 50cm,Others,Yes,Clear,,0.0,26.0,7.4,7.6,145.0,2.8,0.3,4.0,46.0,1.8,1.0,5.0,50.0,15.0,12.0,1.5,0.4,54.0,22.0,32.0,6.19,5.0,123.0,108.0,10.0,0.33,0.5,1.0,0.2,,,False,False,True,True,True,True,False,True,False,False,True,True,True,False,True,True,False
2707,08-06-2025,Aug,10:30:00,"Surya river at MIDC pumping station on Boisar . Chillarphata road, Village. Garvashet, Taluka. Palghar, District. Thane",River,Surya ,Surya ,Thane,Maharashtra,Maharashtra PCB,Monthly,Industrial Effluent,A,,Cloudy,Less than 50cm,Others,Yes,Clear,,0.0,26.0,7.2,7.5,145.0,3.2,0.3,1.8,22.0,1.8,1.0,5.0,46.0,15.0,32.0,1.5,0.4,66.0,32.0,34.0,6.82,5.0,124.0,105.0,10.0,0.31,0.5,1.0,0.2,,,True,False,True,True,True,True,False,True,False,False,True,True,True,False,True,True,False
2708,08-06-2025,Aug,11:30:00,"Surya river at intake of Vasai.Virar water Scheme, Village. Masvan, Taluka. Palghar, District. Thane.",River,Surya ,Surya ,Thane,Maharashtra,Maharashtra PCB,Monthly,Industrial Effluent,A,,Cloudy,Less than 50cm,Others,Yes,Clear,,0.0,26.0,7.4,7.7,151.0,3.0,0.3,6.0,140.0,1.8,1.0,5.0,54.0,15.5,24.0,1.5,0.4,52.0,28.0,24.0,6.11,5.67,128.0,112.0,10.0,0.36,0.5,1.0,0.2,,,False,False,True,True,True,True,False,False,False,False,True,True,True,False,True,True,False
2801,08-06-2025,Aug,12:10:00,"Savta Creek, Village. Savta, Taluka. Dahanu, District. Thane.",Creek,Savta ,Savta ,Thane,Maharashtra,Maharashtra PCB,Monthly,Industrial Effluent,A,,Cloudy,Less than 50cm,Others,Yes,Clear,,0.0,26.0,4.0,7.8,10890.0,12.5,0.68,140.0,540.0,,1.37,5.0,136.0,3598.88,84.0,1.5,0.4,1240.0,240.0,1000.0,291.6,2010.0,9256.0,8145.0,45.0,0.4,0.5,101.0,0.28,,,False,False,False,True,False,False,False,False,False,False,True,False,False,False,False,True,False
2802,08-06-2025,Aug,13:05:00,"Dahanu Creek at Dahanu Fort, Village. Danugaon, Taluka. Dahanu, District. Thane.",Creek,Dahanu ,Dahanu ,Thane,Maharashtra,Maharashtra PCB,Monthly,Industrial Effluent,A,,Cloudy,Less than 50cm,Others,Yes,Clear,,0.0,26.0,4.2,8.0,10840.0,14.0,0.69,220.0,920.0,,1.55,5.0,138.0,3523.91,88.0,1.5,0.4,1200.0,270.0,930.0,291.6,1983.0,9214.0,8108.0,38.0,0.38,0.5,113.1,0.29,,,False,False,False,True,False,False,False,False,False,False,True,False,False,False,False,True,False
1092,08-04-2025,Aug,11:00:00,"Kalu river at Atale village, Village. Atale, Taluka. Kalyan, District. Thane.",River,Kalu ,Kalu ,Thane,Maharashtra,Maharashtra PCB,Monthly,Industrial Effluent,A,Industrial,Clear,Less than 50cm,Others,Yes,Clear,,5.0,28.0,6.0,7.7,152.0,3.8,0.72,17.0,110.0,1.8,4.61,5.0,70.0,11.0,8.0,1.5,0.4,60.0,34.0,26.0,6.23,5.35,128.0,112.0,10.0,0.2,0.5,1.0,0.2,,,False,False,True,True,False,False,False,False,False,True,True,True,True,False,True,True,False
2791,08-04-2025,Aug,11:55:00,"Ulhas creek at Reti bunder at D/s of Kalyan. Bhiwandi bridge, Village. Kalyan, Taluka. Kalyan, District. Thane.",Creek,Ulhas ,Ulhas ,Thane,Maharashtra,Maharashtra PCB,Monthly,Industrial Effluent,A,Industrial,Clear,Less than 50cm,Others,Yes,Clear,,5.0,28.0,6.0,7.6,193.0,3.8,0.68,63.0,540.0,,2.45,5.0,82.0,16.0,8.0,1.5,0.4,70.0,38.0,32.0,8.04,7.8,160.0,140.0,10.0,0.2,0.5,1.72,0.2,,,False,False,False,True,False,False,False,False,False,True,True,False,True,False,True,True,False
2653,08-06-2025,Aug,11:00:00,"Bhatsa River at D/s of Liberty Oil Mills, Satnel, Shahapur, Thane.",River,Bhatsa river,Bhatsa ,Thane,Maharashtra,Maharashtra PCB,Monthly,,A,,Clear,Less than 50cm,Others,No,Clear,Odor Free,0.0,26.0,7.0,8.0,879.0,3.2,0.37,94.0,430.0,6.0,1.0,5.0,328.0,77.98,24.0,1.5,0.4,274.0,158.0,116.0,32.88,43.14,747.0,657.0,10.0,0.2,0.5,2.68,0.2,,,False,False,False,True,False,True,False,False,False,True,True,False,True,False,True,True,False
2654,08-06-2025,Aug,11:30:00,"Bhatsa River at U/s of Liberty Oil Mills, Satnel, Shahapur, Thane.",River,Bhatsa river,Bhatsa ,Thane,Maharashtra,Maharashtra PCB,Monthly,,A,,Clear,Less than 50cm,Others,No,Clear,Odor Free,0.0,29.0,7.4,7.9,878.0,2.8,0.41,94.0,280.0,1.8,1.0,5.0,326.0,74.98,8.0,1.5,0.4,284.0,168.0,116.0,38.78,30.44,742.0,651.0,10.0,0.2,0.5,2.04,0.2,,,False,False,True,True,False,True,False,False,False,True,True,False,True,False,True,True,False
2709,08-06-2025,Aug,15:00:00,"Tansa river near road bridge, Village. Dakewali, Taluka. Wada, District. Thane.",River,Tansa ,Tansa ,Thane,Maharashtra,Maharashtra PCB,Monthly,,A,,Clear,Less than 50cm,Others,No,Clear,Odor Free,0.0,28.0,7.0,7.8,876.0,3.2,0.49,6.0,94.0,1.8,1.0,5.0,330.0,76.98,8.0,1.5,0.4,272.0,158.0,114.0,37.02,36.48,744.0,655.0,10.0,0.2,0.5,3.41,0.2,,,False,False,True,True,False,True,False,False,False,True,True,False,True,False,True,True,False
2712,08-06-2025,Aug,15:30:00,"Vaitarna river near road bridge, Village. Gandhare, Taluka. Wada, District. Thane.",River,Vaitarna ,Vaitarna ,Thane,Maharashtra,Maharashtra PCB,Monthly,,A,,Clear,Less than 50cm,Others,No,Clear,Odor Free,0.0,28.0,6.9,7.9,901.0,3.0,0.34,6.0,110.0,1.8,1.0,5.0,332.0,75.98,28.0,1.5,0.4,266.0,162.0,104.0,38.85,50.55,765.0,674.0,10.0,0.2,0.5,4.11,0.2,,,False,False,True,True,False,True,False,False,False,True,True,False,True,False,True,True,False
2185,08-05-2025,Aug,16:00:00,Vashi Creek at Vashi Bridge,Creek,Vashi Creek,,Thane,Maharashtra,Maharashtra PCB,Monthly,Industrial Effluent,A,Industrial,Clear,Less than 50cm,Fishing,Yes,Clear,,1.0,29.0,4.4,7.5,13580.0,12.0,1.1,140.0,540.0,,1.0,5.0,116.0,4448.62,132.0,2.24,0.4,1420.0,250.0,1170.0,639.4,2054.0,11210.0,9864.0,37.0,0.2,0.5,99.2,0.4,,,False,False,False,False,False,True,False,False,False,True,True,False,False,False,False,True,False
2184,08-04-2025,Aug,01:25:00,Vashi Creek at Airoli Bridge,Creek,Vashi Creek,,Thane,Maharashtra,Maharashtra PCB,Monthly,Industrial Effluent,A,Industrial,Clear,Less than 50cm,Others,Yes,Clear,,0.0,26.0,4.5,7.2,1866.0,14.0,0.69,110.0,920.0,,15.6,5.0,186.0,485.85,72.0,2.24,1.23,262.0,106.0,156.0,74.8,242.0,1578.0,1389.0,53.0,1.36,0.5,31.6,0.2,,,False,False,False,False,False,False,False,False,False,False,True,False,True,False,False,True,False
5793,08-04-2025,Aug,02:25:00,Thane creek Flamingo Sanctuary,Creek,,,Thane,Maharashtra,Maharashtra PCB,Monthly,Industrial Effluent,A,Industrial,Clear,Less than 50cm,Others,Yes,Clear,,0.0,26.0,4.4,7.3,1874.0,12.0,0.8,38.0,920.0,,16.9,5.0,202.0,471.85,80.0,2.24,1.25,254.0,104.0,150.0,52.76,262.97,1592.0,1402.0,55.0,1.36,0.5,31.52,0.2,,,False,False,False,False,False,False,False,False,False,False,True,False,True,False,False,True,False
1151,08-05-2025,Aug,16:25:00,"Patalganga river at Shilphata bridge, Village.Khopoli,Taluka. Khalapur, District. Raigad.",River,Patalganga ,Patalganga ,Raigad,Maharashtra,Maharashtra PCB,Monthly,Industrial Effluent,A,Industrial,Clear,Less than 50cm,Others,Yes,Clear,,0.0,27.0,6.8,7.3,144.0,3.8,0.3,63.0,540.0,6.0,1.0,5.0,32.0,11.0,20.0,1.5,0.4,36.0,16.0,20.0,11.27,5.95,122.0,107.0,10.0,0.3,0.5,1.0,0.2,,,False,False,False,True,True,True,False,False,False,False,True,True,True,False,True,True,False
1462,08-05-2025,Aug,13:10:00,"Patalganga river near intake of MIDC water works  (Turade w/w). Village. Turade, Taluka. Khalapur, District. Raigad.",River,Patalganga ,Patalganga ,Raigad,Maharashtra,Maharashtra PCB,Monthly,Industrial Effluent,A,Industrial,Clear,Less than 50cm,Others,Yes,Clear,,0.0,28.0,7.0,7.6,191.0,3.4,0.54,14.0,130.0,1.8,1.0,5.0,68.0,17.99,16.0,1.5,0.4,72.0,36.0,36.0,15.27,5.04,165.0,145.0,10.0,0.33,0.5,1.0,0.2,18.887033333333335,73.17935,False,False,True,True,False,True,False,False,False,False,True,True,True,False,True,True,False
2685,08-05-2025,Aug,12:05:00,"Patalganga river at D/s of Kharpada bridge , Village. Kharpada, Taluka. Khalapur, District. Raigad.",River,Patalganga ,Patalganga ,Raigad,Maharashtra,Maharashtra PCB,Monthly,Industrial Effluent,A,Industrial,Clear,Less than 50cm,Others,Yes,Clear,,0.0,27.0,6.6,7.7,197.0,4.0,0.63,33.0,220.0,6.0,1.0,5.0,72.0,17.99,24.0,1.5,0.4,70.0,40.0,30.0,10.94,7.6,174.0,153.0,10.0,0.38,0.5,1.0,0.2,,,False,False,False,True,False,True,False,False,False,False,True,True,True,False,True,True,False
2686,08-05-2025,Aug,13:50:00,"Patalganga river at Vyal Pump house,  Village. Vyal,  Taluka. Khalapur, District. Raigad.",River,Patalganga ,Patalganga ,Raigad,Maharashtra,Maharashtra PCB,Monthly,Industrial Effluent,A,Industrial,Clear,Less than 50cm,Others,Yes,Clear,,0.0,27.0,6.7,7.8,161.0,4.0,0.38,9.3,280.0,1.8,1.0,5.0,64.0,16.49,24.0,1.5,0.4,60.0,34.0,26.0,7.7,6.5,137.0,121.0,10.0,0.2,0.5,1.0,0.2,,,False,False,True,True,False,True,False,False,False,True,True,True,True,False,True,True,False
2687,08-05-2025,Aug,14:50:00,"Patalganga river at Khalapur pumping station, Village. Khalapur, Taluka. Khalapur, District. Raigad.",River,Patalganga ,Patalganga ,Raigad,Maharashtra,Maharashtra PCB,Monthly,Industrial Effluent,A,Industrial,Clear,Less than 50cm,Others,Yes,Clear,,0.0,27.0,7.0,7.6,225.0,3.0,0.54,14.0,350.0,1.8,1.0,5.0,82.0,18.99,16.0,1.5,0.4,86.0,48.0,38.0,18.29,7.65,191.0,167.0,10.0,0.2,0.5,1.0,0.2,,,False,False,True,True,False,True,False,False,False,True,True,True,True,False,True,True,False
2688,08-05-2025,Aug,14:40:00,"Patalganga river at Savroli bridge, Village. Savroli,Taluka. Khalapur,District. Raigad.",River,Patalganga ,Patalganga ,Raigad,Maharashtra,Maharashtra PCB,Monthly,Industrial Effluent,A,Industrial,Clear,Less than 50cm,Others,Yes,Clear,,0.0,28.0,6.8,7.7,222.0,3.2,0.54,63.0,540.0,6.0,1.0,5.0,84.0,17.99,24.0,1.5,0.4,84.0,46.0,38.0,17.5,7.5,188.0,161.0,10.0,0.2,0.5,1.0,0.2,,,False,False,False,True,False,True,False,False,False,True,True,True,True,False,True,True,False
2689,08-05-2025,Aug,16:40:00,"Patalganga river at Gagangiri Maharaj Temple, Village. Khopoli, Taluka. Khalapur, District. Raigad.",River,Patalganga ,Patalganga ,Raigad,Maharashtra,Maharashtra PCB,Monthly,Industrial Effluent,A,Industrial,Clear,Less than 50cm,Others,Yes,Clear,,0.0,27.0,7.0,7.1,55.0,3.2,0.3,40.0,280.0,1.8,1.0,5.0,26.0,10.0,16.0,1.5,0.4,20.0,12.0,8.0,5.0,5.0,51.0,44.0,10.0,0.24,0.5,1.0,0.2,,,False,False,True,True,True,True,True,True,False,False,True,True,True,False,True,True,False
2803,08-05-2025,Aug,18:15:00,"Panvel creek at Kopra bridge, Village. Kopra,Taluka. Panvel, District. Raigad.",Creek,Panvel ,Panvel ,Raigad,Maharashtra,Maharashtra PCB,Monthly,Industrial Effluent,A,Industrial,Clear,Less than 50cm,Others,Yes,Clear,,0.0,27.0,6.8,7.4,193.0,3.4,0.63,130.0,540.0,,1.0,5.0,72.0,18.99,20.0,1.5,0.4,74.0,42.0,32.0,11.89,9.65,162.0,143.0,10.0,0.22,0.5,1.0,0.2,,,False,False,False,True,False,True,False,False,False,False,True,True,True,False,True,True,False
1152,08-06-2025,Aug,16:05:00,"Kundalika river at Roha bridge,  Village.Roha, Taluka. Roha, District. Raigad.",River,Kundalika,Kundalika,Raigad,Maharashtra,Maharashtra PCB,Monthly,Industrial Effluent,A,Industrial,Clear,Less than 50cm,"Bathing,Washing,Gardening,Others",Yes,Clear,,0.0,29.0,7.4,7.7,158.0,1.8,0.3,94.0,430.0,6.0,1.0,5.0,36.0,12.0,8.0,1.5,0.4,28.0,14.0,14.0,5.0,6.6,134.0,118.0,10.0,0.38,0.5,1.0,0.2,,,False,False,False,True,True,True,True,False,False,False,True,True,True,False,True,True,False
2198,08-06-2025,Aug,15:55:00,"Kundalika river at Are Khurd (Saline zone), Village.Arekhurd,Taluka. Roha, District. Raigad.",River,Kundalika,Kundalika,Raigad,Maharashtra,Maharashtra PCB,Monthly,Industrial Effluent,A,Industrial,Clear,Less than 50cm,"Bathing,Washing,Gardening,Others",Yes,Clear,,0.0,29.0,7.2,7.5,120.0,3.0,0.3,140.0,540.0,9.3,1.0,5.0,42.0,18.49,8.0,1.5,0.4,36.0,20.0,16.0,5.0,9.96,101.0,89.0,10.0,0.27,0.5,1.0,0.2,,,False,False,False,True,True,True,True,False,False,False,True,True,True,False,True,True,False
2671,08-06-2025,Aug,13:45:00,"Kundalika river near Salav bridge (Saline zone), Village.Salav, Taluka. Roha, District. Raigad.",River,Kundalika,Kundalika,Raigad,Maharashtra,Maharashtra PCB,Monthly,Industrial Effluent,A,Industrial,Clear,Less than 50cm,"Bathing,Washing,Gardening,Others",Yes,Clear,,0.0,29.0,6.6,7.5,13710.0,3.8,0.51,140.0,540.0,9.3,1.09,5.0,70.0,4773.52,8.0,1.5,0.4,1420.0,230.0,1190.0,380.2,2281.5,11653.0,10255.0,28.0,0.2,0.69,89.24,0.25,,,False,False,False,True,False,False,False,False,False,True,False,False,False,False,False,True,False
2672,08-06-2025,Aug,16:40:00,"Kundalika river at Dhatav at Jackwell , Village. Dhatav,Taluka. Roha, District. Raigad.",River,Kundalika,Kundalika,Raigad,Maharashtra,Maharashtra PCB,Monthly,Industrial Effluent,A,Industrial,Clear,Less than 50cm,"Bathing,Washing,Gardening,Others",Yes,Clear,,0.0,29.0,7.2,7.6,99.0,2.8,0.3,33.0,280.0,1.8,1.0,5.0,32.0,16.0,28.0,1.5,0.4,28.0,16.0,12.0,5.0,6.25,84.0,74.0,10.0,0.38,0.5,1.0,0.2,,,False,False,True,True,True,True,True,False,False,False,True,True,True,False,True,True,False
2651,08-06-2025,Aug,17:45:00,"Amba river at D/s of Waken bridge, Village. Waken phata, Taluka. Roha, District. Raigad. ( u/s of the jackwells of M/s Supreme Petrochemicals & MIDC )",River,Kundalika,Kundalika,Raigad,Maharashtra,Maharashtra PCB,Monthly,Industrial Effluent,A,Industrial,Clear,Less than 50cm,"Bathing,Washing,Gardening,Others",Yes,Clear,,0.0,28.0,7.4,7.8,135.0,2.8,0.3,17.0,220.0,1.8,1.0,5.0,58.0,12.0,8.0,1.5,0.4,54.0,28.0,26.0,5.0,6.16,113.0,100.0,10.0,0.31,0.5,1.0,0.2,,,False,False,True,True,True,True,True,False,False,False,True,True,True,False,True,True,False
2695,08-05-2025,Aug,12:05:00,"Pedhi river near road bridge at Dadhi. Pedhi village, Village. Dadhi. Pedhi, Taluka. Bhatkuli, District. Amravati.",River,Pedhi ,Pedhi ,Amravati,Maharashtra,Maharashtra PCB,Monthly,Industrial Effluent,E,,Clear,Less than 50cm,"Bathing,Washing",No,slightly Turbit,organic,0.5,29.0,4.3,8.1,1046.0,4.8,1.33,94.0,170.0,1.8,1.0,5.0,354.0,103.62,20.0,1.5,0.4,386.2,216.6,169.6,103.92,92.9,708.0,601.0,20.0,0.2,0.5,7.7,0.2,,,False,False,True,True,False,True,False,False,False,True,True,False,True,False,False,True,False
2700,08-05-2025,Aug,15:00:00,"Purna river near Achalpur. Amravati road bridge, Asegaon, Village. Asegaon,Taluka. Chandur Bazar, District. Amravati.",River,Purna ,Purna ,Amravati,Maharashtra,Maharashtra PCB,Monthly,Industrial Effluent,E,,Clear,50-100cm,"Bathing,Washing",Yes,Slightly Turbit,organic,0.7,29.0,6.6,8.5,262.0,3.6,0.31,2.0,4.5,1.8,1.4,9.6,145.0,11.8,12.0,1.5,0.4,123.0,60.4,62.6,10.42,23.0,194.0,163.0,19.0,0.2,0.5,1.8,,,,False,False,True,True,False,False,False,False,False,True,True,False,False,False,False,False,False
5993,08-05-2025,Aug,14:05:00,Chandrabhaga river at chandur jahanpur thesil daryapur Dist- Amravati,River,,,Amravati,Maharashtra,Maharashtra PCB,Monthly,Industrial Effluent,E,,Clear,50-100cm,"Bathing,Washing",Yes,Slightly Turbit,Odor Free,0.5,29.0,6.0,8.5,384.0,4.2,0.41,79.0,240.0,1.8,4.1,9.0,179.0,27.14,16.0,1.5,0.4,135.0,78.6,56.4,18.94,36.9,277.0,235.0,16.0,0.2,0.5,2.7,,,,False,False,True,True,False,False,False,False,False,True,True,False,False,False,False,False,False
5994,08-05-2025,Aug,13:10:00,"Purna river at Kolhapur Tal- Daryapur, Dist- Amravati",River,,,Amravati,Maharashtra,Maharashtra PCB,Monthly,Industrial Effluent,E,,Clear,50-100cm,"Bathing,Washing",Yes,Clear,,0.5,27.0,6.7,8.5,339.0,3.8,1.29,110.0,280.0,1.8,2.9,11.8,1952.0,25.44,16.0,1.5,0.4,190.8,105.4,85.4,18.94,32.1,272.0,234.0,14.0,,0.5,2.5,,,,False,False,True,True,False,False,False,False,False,False,True,False,False,False,False,False,False
5978,08-05-2025,Aug,13:30:00,"Penganga river at washim- risod road bridge, village asegaonpen, Tal-risod, dist- washim",River,,,Amravati,Maharashtra,Maharashtra PCB,Monthly,Industrial Effluent,E,,Clear,50-100cm,"Bathing,Washing",No,Turbit,organic,0.5,27.0,6.8,8.5,415.0,4.1,1.4,220.0,350.0,1.8,6.4,10.8,190.0,22.49,12.0,1.5,0.4,179.8,110.4,69.4,20.14,31.3,278.0,239.0,23.0,,0.5,2.7,,,,False,False,True,True,False,False,False,False,False,False,True,False,False,False,False,False,False
1913,08-04-2025,Aug,04:30:00,"Purna River at Dhupeshwar at u/s of Malkapur water works, Malkapur, Dist.Akola",River,Purna ,Purna ,Akola,Maharashtra,Maharashtra PCB,Monthly,,A,,Clear,Less than 50cm,Others,Yes,Clear,,3.0,21.0,7.0,8.6,496.0,4.4,3.2,79.0,130.0,1.8,55.0,12.0,196.0,41.04,12.0,2.24,0.51,205.2,123.6,81.6,30.0,42.2,340.0,285.6,22.0,0.2,0.5,3.4,0.2,,,False,False,True,False,False,False,False,False,False,True,True,False,True,False,False,False,False
2155,08-05-2025,Aug,09:10:00,"Purna river at D/s of confluence of Morna and Purna, at Andura Village, Village. Andura, Taluka. Balapur, District. Akola.",River,Morna ,Morna ,Akola,Maharashtra,Maharashtra PCB,Monthly,,A,,Clear,Less than 50cm,Others,Yes,Clear,,3.0,25.0,7.0,8.5,565.0,4.7,3.5,79.0,170.0,1.8,8.3,12.2,226.0,63.48,16.0,1.5,0.4,244.2,135.4,108.8,43.56,64.9,430.0,374.1,36.0,0.24,0.5,4.2,,,,False,False,True,True,False,False,False,False,False,False,True,False,False,False,False,False,False
2675,08-05-2025,Aug,12:10:00,Morna River D/s of Railway Bridge Akola ,River,Morna ,Morna ,Akola,Maharashtra,Maharashtra PCB,Monthly,,A,,Clear,Less than 50cm,Others,Yes,Clear,,3.0,25.0,4.4,7.8,768.0,9.1,2.66,130.0,220.0,1.8,1.1,5.0,354.0,57.73,32.0,1.5,0.4,345.4,187.0,158.4,45.7,60.0,520.0,447.2,58.0,0.2,0.5,8.5,,,,False,False,True,True,False,False,False,False,False,True,True,False,False,False,False,True,False
2699,08-04-2025,Aug,09:35:00,Penganga River at Mehkar .Buldana Bridge.Akola,River,Penganga ,Penganga ,Akola,Maharashtra,Maharashtra PCB,Monthly,,A,,Clear,Less than 50cm,Others,Yes,Clear,,3.0,22.0,6.8,8.2,697.0,4.0,0.76,280.0,350.0,1.8,1.0,5.0,220.0,81.47,16.0,2.8,0.51,282.6,162.6,120.0,29.28,35.8,463.0,388.0,21.0,0.2,0.5,4.5,0.2,,,False,False,True,False,False,True,False,False,False,True,True,False,True,False,False,True,False
5792,08-04-2025,Aug,10:30:00,"Lonar surovar lake, near kamalja devi temple. Tal- lonar Dist- Buldhana",Lake,,,Akola,Maharashtra,Maharashtra PCB,Monthly,,A,,Clear,Less than 50cm,Others,Yes,Clear,,3.0,20.0,5.6,9.7,74240.0,31.0,1.6,1.8,1.8,1.8,1.9,428.0,1530.0,1044.68,128.0,1.68,0.4,146.8,35.4,111.4,108.6,1932.5,4751.0,4038.0,18.0,0.2,0.5,5.0,,,,True,True,True,False,False,False,False,False,False,True,True,False,False,False,False,False,False
1908,08-06-2025,Aug,13:25:00,"Kolar river before confluence with Kanhan river at Waregaon Bridge, Village. Waregaon, Taluka.Kamptee, District.Nagpur.",River,Kanhan ,Kanhan ,Nagpur,Maharashtra,Maharashtra PCB,Monthly,Municipal Sewage,E,,Clear,Less than 50cm,"Bathing,Washing,Fishing",Yes,Clear,,0.0,22.0,5.1,8.5,713.0,4.8,1.19,110.0,280.0,1.8,1.0,14.2,243.0,65.98,24.0,2.24,0.63,301.0,176.4,124.6,68.16,57.9,478.0,387.0,26.0,1.11,0.5,4.1,0.2,21.216666666666665,79.2,False,False,True,False,False,True,False,False,False,False,True,False,True,False,False,False,False
2170,08-06-2025,Aug,14:10:00,"Kanhan river at U/s of M/s Vidarbha Paper Mills, Village. Sinora, Taluka. Parseoni, District. Nagpur.",River,Kanhan ,Kanhan ,Nagpur,Maharashtra,Maharashtra PCB,Monthly,Municipal Sewage,E,,Clear,Less than 50cm,"Bathing,Washing,Fishing",Yes,Clear,,0.0,22.0,7.6,8.6,405.0,3.5,1.79,79.0,140.0,1.8,5.3,11.8,180.0,18.49,12.0,3.36,1.13,194.4,123.6,70.8,30.85,23.3,304.0,249.0,32.0,0.2,0.5,2.5,0.2,,,False,False,True,False,False,False,False,False,False,True,True,False,True,False,False,False,False
2171,08-06-2025,Aug,14:15:00,"Kanhan river at D/s of M/s Vidarbha Paper Mills,  Village. Sinora, Taluka. Parseoni, District. Nagpur.",River,Kanhan ,Kanhan ,Nagpur,Maharashtra,Maharashtra PCB,Monthly,Municipal Sewage,E,,Clear,Less than 50cm,"Bathing,Washing,Fishing",Yes,Clear,,0.0,22.0,7.0,8.6,410.0,4.4,2.08,140.0,280.0,1.8,3.1,10.8,178.0,16.49,20.0,2.8,0.86,189.8,125.4,64.4,30.85,26.1,274.0,230.0,54.0,0.2,0.5,2.6,0.0,,,False,False,True,False,False,False,False,False,False,True,True,False,False,False,False,False,False
1315,08-07-2025,Aug,16:30:00,"Wardha river at Pulgaon Railway Bridge, Village. Pulgaon,Taluka . Wardha, District. Wardha.",River,Wardha ,Wardha ,Nagpur,Maharashtra,Maharashtra PCB,Monthly,Municipal Sewage,E,,Clear,Less than 50cm,"Bathing,Fishing",Yes,Clear,,0.0,22.0,6.9,8.5,421.0,3.0,2.32,49.0,170.0,1.8,1.0,11.6,215.0,19.99,12.0,1.5,0.4,198.6,109.0,89.6,20.32,38.2,290.0,238.0,16.0,0.2,0.5,3.1,0.2,,,False,False,True,True,False,True,False,False,False,True,True,False,True,False,False,False,False
1909,08-08-2025,Aug,14:20:00,"Kanhan river at D/s of Nagpur, Village. Agargaon, Taluka. Kuhi, District. Nagpur.",River,Kanhan ,Kanhan ,Nagpur,Maharashtra,Maharashtra PCB,Monthly,Municipal Sewage,E,,Clear,Less than 50cm,"Bathing,Washing,Fishing",Yes,Clear,,0.0,20.0,6.4,8.2,244.0,3.6,1.09,110.0,170.0,1.8,4.3,6.8,1204.0,11.5,12.0,1.5,0.4,113.4,81.4,32.0,29.13,15.4,178.0,144.0,22.0,0.2,0.5,2.5,0.2,21.25,79.13333333333334,False,False,True,True,False,False,False,False,False,True,True,False,True,False,False,False,False
1910,08-08-2025,Aug,15:25:00,"Wainganga river after confluence with Kanhan river, Village. Ambhora,Taluka. Kuhi, District. Nagpur.",River,Kanhan ,Kanhan ,Nagpur,Maharashtra,Maharashtra PCB,Monthly,Municipal Sewage,E,,Clear,Less than 50cm,"Bathing,Fishing,Tourism Spot",Yes,Clear,,0.0,20.0,6.2,8.2,284.0,3.8,1.14,110.0,220.0,1.8,6.0,5.6,120.0,10.0,12.0,1.5,0.4,118.0,80.4,37.6,29.13,13.6,216.0,177.0,12.0,0.2,0.5,2.3,0.2,21.266666666666666,79.16666666666667,False,False,True,True,False,False,False,False,False,True,True,False,True,False,False,False,False
2722,08-07-2025,Aug,13:20:00,"Wena river at U/s of Mohata Mills, near Railway bridge on Wardha Â– Chandrapur Railway line, Village. Hinganghat, Taluka. Hinganghat, District. Wardha.",River,Wena,Wena,Nagpur,Maharashtra,Maharashtra PCB,Monthly,Municipal Sewage,E,,Clear,Less than 50cm,"Bathing,Washing,Fishing",Yes,Clear,,0.0,22.0,6.8,8.2,571.0,3.0,3.66,49.0,110.0,1.8,2.8,13.8,231.0,25.99,12.0,2.24,0.58,246.6,135.2,111.4,63.46,42.0,418.0,342.0,24.0,0.2,0.5,3.4,0.2,,,False,False,True,False,False,False,False,False,False,True,True,False,True,False,False,False,False
2723,08-07-2025,Aug,13:30:00,"Wena river at D/s of Mohata Mills, near  bridge on Hinganghat. Wadner road,  Village. Hinganghat, Taluka. Hinganghat,  District. Wardha.",River,Wena,Wena,Nagpur,Maharashtra,Maharashtra PCB,Monthly,Municipal Sewage,E,,Clear,Less than 50cm,"Bathing,Washing,Fishing",Yes,Clear,,0.0,22.0,6.4,8.2,543.0,3.2,3.62,110.0,220.0,1.8,2.9,14.8,233.0,39.99,8.0,2.24,0.58,250.0,137.8,112.2,64.04,45.8,401.0,332.0,34.0,0.2,0.5,3.8,0.2,,,False,False,True,False,False,False,False,False,False,True,True,False,True,False,False,False,False
5979,08-06-2025,Aug,17:20:00,"Nag river near ambazari lake, Dist- Nagpur",River,,,Nagpur,Maharashtra,Maharashtra PCB,Monthly,Municipal Sewage,E,,Clear,Less than 50cm,Others,Yes,Clear,,0.0,24.0,6.1,7.5,395.0,4.6,0.99,1600.0,1600.0,2.0,1.3,5.0,178.0,38.49,20.0,2.24,0.69,185.8,128.8,57.0,28.87,31.0,280.0,235.0,12.0,1.73,0.5,3.5,0.2,,,False,False,False,False,False,False,False,False,False,False,True,False,True,False,False,True,False
5980,08-06-2025,Aug,15:20:00,Nag river  near bhandewadi bridge Dist- Nagpur,River,,,Nagpur,Maharashtra,Maharashtra PCB,Monthly,Municipal Sewage,E,Muncipal Sewage,Clear,Less than 50cm,Others,Yes,Clear,,0.0,24.0,0.3,7.6,810.0,32.6,0.3,1600.0,1600.0,2.0,1.0,5.0,347.0,64.98,84.0,7.28,4.1,284.0,178.0,106.0,31.44,70.3,526.0,431.0,158.0,1.81,0.5,10.0,0.2,,,False,False,False,False,True,True,False,False,False,False,True,False,True,True,False,True,False
5981,08-06-2025,Aug,15:00:00,"Nag river  near asoli road bridge, bhandara road, Dist- Nagpur",River,,,Nagpur,Maharashtra,Maharashtra PCB,Monthly,Municipal Sewage,E,,Clear,Less than 50cm,Others,Yes,Clear,,0.0,23.0,0.3,7.4,824.0,24.8,0.3,280.0,1600.0,1.8,1.2,5.0,324.0,69.98,60.0,4.48,2.14,281.2,177.4,103.8,32.42,74.4,527.0,412.6,188.0,0.2,0.5,10.0,0.2,,,False,False,True,False,True,False,False,False,False,True,True,False,True,True,False,True,False
5982,08-06-2025,Aug,12:45:00,"Pilli river  near wanjara layout, kamptee road, Dist-Nagpur",River,,,Nagpur,Maharashtra,Maharashtra PCB,Monthly,Municipal Sewage,E,Muncipal Sewage,Clear,Less than 50cm,Others,Yes,Clear,,0.0,24.0,1.2,7.5,643.0,13.9,0.3,170.0,920.0,1.8,1.1,5.0,299.0,46.99,32.0,2.8,1.5,279.6,186.2,93.4,26.84,45.7,428.0,355.0,198.0,1.13,0.5,6.8,0.2,,,False,False,True,False,True,False,False,False,False,False,True,False,True,False,False,True,False
5983,08-06-2025,Aug,11:55:00,"Pilli river  near, vill-mankapur on koradi road, Dist- Nagpur",River,,,Nagpur,Maharashtra,Maharashtra PCB,Monthly,Municipal Sewage,E,,Clear,Less than 50cm,"Bathing,Washing",Yes,Clear,,0.0,24.0,1.6,7.5,659.0,11.2,0.71,140.0,350.0,1.8,1.0,5.0,298.0,100.97,28.0,2.24,1.85,281.6,191.0,90.6,30.85,71.6,501.0,420.0,214.0,0.2,0.5,10.0,0.2,,,False,False,True,False,False,True,False,False,False,True,True,False,True,False,False,True,False
2172,08-03-2025,Aug,01:50:00,"Wainganga river at D/s of Ellora Paper Mills, Village. Tumsar, Taluka. Tumsar, District. Bhandara.",River,Wainganga ,Wainganga ,Bhandara,Maharashtra,Maharashtra PCB,Monthly,Industrial Effluent,A,Industrial,Clear,Less than 50cm,"Fishing,Others",Yes,Light Brown,Odourless,4.0,18.0,6.0,7.9,218.0,4.6,0.64,280.0,350.0,1.8,130.0,5.0,99.0,9.3,20.0,1.5,0.4,102.6,77.0,25.6,21.48,13.1,160.0,136.0,64.0,0.2,0.5,2.2,0.2,,,False,False,True,True,False,False,False,False,False,True,True,False,True,False,False,True,False
2173,08-03-2025,Aug,01:30:00,"Wainganga river at U/s of Ellora Paper Mills, Village. Tumsar, Taluka. Tumsar, District. Bhandara.",River,Wainganga ,Wainganga ,Bhandara,Maharashtra,Maharashtra PCB,Monthly,Industrial Effluent,A,Industrial,Clear,Less than 50cm,"Fishing,Others",Yes,Light Brown, Odourless,4.0,18.0,6.6,7.9,218.0,3.5,0.63,170.0,280.0,1.8,85.0,5.0,95.0,11.2,12.0,2.24,0.51,96.8,68.0,28.8,23.78,16.9,152.0,130.7,46.0,0.2,0.5,2.7,0.2,,,False,False,True,False,False,False,False,False,False,True,True,False,True,False,False,True,False
5984,08-03-2025,Aug,05:30:00,"Wainganga river at kardha bridge, D/S of bhandara city, Dist- Bhandara",River,,,Bhandara,Maharashtra,Maharashtra PCB,Monthly,Industrial Effluent,A,Industrial,Clear,Less than 50cm,"Fishing,Others",Yes,Light Brown, Odourless,4.0,18.0,5.8,7.9,213.0,4.5,0.68,170.0,280.0,1.8,17.0,5.0,91.0,6.65,16.0,1.68,0.43,91.4,53.0,38.4,12.99,8.2,140.0,120.4,22.0,0.2,0.5,2.6,0.2,,,False,False,True,False,False,False,False,False,False,True,True,False,True,False,False,True,False
5985,08-03-2025,Aug,04:00:00,"Gosekhurd Dam village - Gosekhurd, pauni, Dist- Bhandara",Dam,,,Bhandara,Maharashtra,Maharashtra PCB,Monthly,Industrial Effluent,A,Industrial,Clear,Less than 50cm,"Fishing,Others",Yes,Light Brown,Odourless,4.0,18.0,5.4,7.6,176.0,3.6,0.56,4.5,13.0,1.8,45.0,5.0,88.0,7.45,12.0,2.8,0.55,85.2,57.8,27.4,16.09,9.6,128.0,112.6,12.0,0.2,0.5,2.4,0.2,,,False,False,True,False,False,False,False,False,False,True,True,False,True,False,False,True,False
11,08-07-2025,Aug,11:00:00,"Wainganga river at Ashti, Village. Ashti, Taluka. Gondpipri, District.Chandrapur.",River,Wainganga ,Wainganga ,Chandrapur,Maharashtra,Maharashtra PCB,Monthly,Industrial Effluent,A,Industrial,Clear,Less than 50cm,"Bathing,Washing",Yes,Clear,,0.0,20.0,7.2,8.4,487.0,3.2,3.7,110.0,280.0,1.8,1.0,12.6,194.0,26.49,8.0,1.5,0.4,216.0,107.8,108.2,36.22,38.0,340.0,285.0,30.0,0.2,0.5,2.7,0.2,,,False,False,True,True,False,True,False,False,False,True,True,False,True,False,False,False,False
2156,08-07-2025,Aug,17:30:00,"Wardha river at confluence point of Penganga & Wardha. Village. Jugad, Taluka. Wani, District. Yavatmal.",River,Penganga ,Penganga ,Chandrapur,Maharashtra,Maharashtra PCB,Monthly,Industrial Effluent,A,Industrial,Clear,Less than 50cm,"Bathing,Washing",Yes,Clear,,0.0,20.0,6.9,8.4,523.0,3.2,3.82,79.0,170.0,1.8,1.0,15.6,196.0,27.99,8.0,1.68,0.54,211.8,112.6,99.2,37.96,41.3,377.0,320.0,21.0,0.2,0.5,2.8,0.2,,,False,False,True,False,False,True,False,False,False,True,True,False,True,False,False,False,False
2174,08-07-2025,Aug,16:00:00,"Wardha river at D/s of ACC Ltd. Ghuggus near WCL pump house, Village. Ghuggus, Taluka. Chandrapur, District. Chandrapur.",River,Wardha ,Wardha ,Chandrapur,Maharashtra,Maharashtra PCB,Monthly,Industrial Effluent,A,Industrial,Clear,Less than 50cm,"Bathing,Washing",Yes,Clear,,0.0,22.0,6.7,8.4,518.0,3.8,3.79,110.0,220.0,1.8,1.1,14.4,208.0,27.49,16.0,2.24,0.79,210.0,115.0,95.0,35.8,35.8,380.0,315.0,58.0,0.2,0.5,2.7,0.2,,,False,False,True,False,False,False,False,False,False,True,True,False,True,False,False,False,False
2175,08-05-2025,Aug,12:00:00,"Wainganga river at U/s of Gaurav Paper Mills, near jackwell,  Village. Bramhpuri, Taluka. Chandrapur, District. Chandrapur.",River,Wainganga ,Wainganga ,Chandrapur,Maharashtra,Maharashtra PCB,Monthly,Industrial Effluent,A,Industrial,Clear,Less than 50cm,"Bathing,Washing",Yes,Clear,,0.0,,7.0,7.5,1614.0,4.5,,46.0,140.0,1.8,120.0,5.0,84.0,15.0,16.0,2.8,0.76,91.4,53.0,38.4,15.81,7.5,125.0,104.0,38.0,0.2,0.5,2.7,,,,False,False,True,False,False,False,False,False,False,True,True,False,False,False,False,True,False
2176,08-05-2025,Aug,12:30:00,"Wainganga river at D/s of Gaurav Paper Mills, near jackwell,  Village. Bramhpuri, Taluka. Chandrapur, District. Chandrapur.",River,Wainganga ,Wainganga ,Chandrapur,Maharashtra,Maharashtra PCB,Monthly,Industrial Effluent,A,Industrial,Clear,Less than 50cm,"Bathing,Washing",Yes,Clear,,0.0,,6.1,7.5,160.0,4.9,,170.0,280.0,1.8,95.0,5.0,80.0,15.0,20.0,2.8,0.78,82.8,49.8,33.0,15.81,6.7,120.0,98.0,62.0,,0.5,2.5,,,,False,False,True,False,False,False,False,False,False,False,True,False,False,False,False,True,False
2697,08-06-2025,Aug,13:00:00,"Penganga river near water supply scheme of Umarkhed M.C., Village. Belkhed,Taluka. Umarkhed, District. Yavatmal.",River,Penganga ,Penganga ,Chandrapur,Maharashtra,Maharashtra PCB,Monthly,Industrial Effluent,A,Industrial,Clear,Less than 50cm,"Bathing,Washing",Yes,Clear,,0.0,,7.1,8.4,494.0,3.6,2.55,70.0,140.0,1.8,1.0,17.6,257.0,28.49,12.0,2.24,0.73,262.2,160.6,101.6,36.22,42.7,368.0,309.0,18.0,,0.5,2.7,,,,False,False,True,False,False,True,False,False,False,False,True,False,False,False,False,False,False
2698,08-06-2025,Aug,14:30:00,"Penganga river D/s of Isapur Dam, Village. Isapur,Taluka. Pusad,District. Yavatmal.",River,Penganga ,Penganga ,Chandrapur,Maharashtra,Maharashtra PCB,Monthly,Industrial Effluent,A,Industrial,Clear,Less than 50cm,"Bathing,Washing",Yes,Clear,,0.0,21.0,6.8,8.4,701.0,3.7,1.33,33.0,39.0,1.8,1.0,14.2,199.0,71.48,12.0,2.24,0.72,237.4,137.6,99.8,77.78,76.8,470.0,390.0,14.0,0.2,0.5,3.6,0.2,,,False,False,True,False,False,True,False,False,False,True,True,False,True,False,False,False,False
2719,08-07-2025,Aug,14:00:00,"Wardha river at D/s of Erai river at Hadasti near Arun Engg. Works, Village. Hadasti, Taluka. Chandrapur, District. Chandrapur.",River,Erai ,Erai ,Chandrapur,Maharashtra,Maharashtra PCB,Monthly,Industrial Effluent,A,Industrial,Clear,Less than 50cm,"Bathing,Washing",Yes,Clear,,0.0,22.0,6.9,8.4,506.0,3.7,3.82,110.0,220.0,1.8,1.0,13.2,201.0,26.49,16.0,2.24,7.6,202.4,110.4,92.0,37.96,35.5,380.0,312.0,36.0,0.2,0.5,2.8,0.2,,,False,False,True,False,False,True,False,False,False,True,True,False,True,False,False,False,False
2720,08-07-2025,Aug,13:20:00,"Wardha river at U/s of Erai river at Hadasti near Arun Engg. Works, Village. Hadasti, Taluka. Chandrapur, District. Chandrapur.",River,Erai ,Erai ,Chandrapur,Maharashtra,Maharashtra PCB,Monthly,Industrial Effluent,A,Industrial,Clear,Less than 50cm,"Bathing,Washing",Yes,Clear,,0.0,21.0,7.0,8.3,486.0,3.5,3.81,49.0,79.0,1.8,1.0,11.8,206.0,27.49,12.0,2.8,0.72,212.2,110.2,102.0,36.22,41.3,378.0,313.0,28.0,0.2,0.5,2.8,0.2,,,False,False,True,False,False,True,False,False,False,True,True,False,True,False,False,False,False
2721,08-07-2025,Aug,15:30:00,"Wardha river at U/s of ACC Ltd. Ghuggus near WCL pump house, Village. Ghuggus, Taluka. Chandrapur, District. Chandrapur.",River,Wardha ,Wardha ,Chandrapur,Maharashtra,Maharashtra PCB,Monthly,Industrial Effluent,A,Industrial,Clear,Less than 50cm,"Bathing,Washing",Yes,Clear,,0.0,22.0,7.0,8.4,452.0,3.6,3.67,79.0,140.0,1.8,1.0,13.8,197.0,28.49,12.0,1.68,0.51,211.0,111.2,99.8,35.8,41.2,340.0,278.0,40.0,0.2,0.5,3.1,0.2,,,False,False,True,False,False,True,False,False,False,True,True,False,True,False,False,False,False
1212,08-07-2025,Aug,12:15:00,"Wardha river at Rajura bridge, Village. Rajura, Taluka. Chandrapur, District. Chandrapur.",River,Wardha ,Wardha ,Chandrapur,Maharashtra,Maharashtra PCB,Monthly,Industrial Effluent,A,Industrial,Clear,Less than 50cm,"Bathing,Washing",Yes,Clear,,0.0,20.0,7.0,8.4,467.0,3.3,3.83,79.0,110.0,1.8,1.1,12.0,204.0,28.49,8.0,2.24,0.74,209.8,115.2,94.6,37.96,39.2,355.0,301.0,34.0,0.2,0.5,3.0,0.2,,,False,False,True,False,False,False,False,False,False,True,True,False,True,False,False,False,False
1095,08-05-2025,Aug,11:50:00,"Godavari river at U/s of Gangapur Dam, Village. Gangapur,Taluka. Nashik, District. Nashik.", Dam,Godavari ,Godavari ,Nashik,Maharashtra,Maharashtra PCB,Monthly,Industrial Effluent,A,Industrial,Clear,Less than 50cm,Bathing,Yes,Clear,,0.0,,4.3,8.2,183.0,4.4,1.4,12.0,79.0,1.8,29.3,5.0,26.0,8.5,20.0,1.5,0.4,36.0,16.0,20.0,11.72,6.7,152.0,138.0,54.0,0.84,0.5,1.0,0.2,,,False,False,True,True,False,False,False,False,False,False,True,True,True,False,False,True,False
1096,08-05-2025,Aug,13:25:00,"Godavari river at Ramkund, Village. Panchavati, Taluka. Nashik, District. Nashik.",River,Godavri ,Godavri ,Nashik,Maharashtra,Maharashtra PCB,Monthly,Industrial Effluent,A,Industrial,Clear,Less than 50cm,"Bathing,Washing",Yes,Clear,,0.0,,4.0,7.6,310.0,6.0,2.56,13.0,150.0,1.8,36.5,5.0,66.0,19.49,24.0,1.5,0.4,84.0,46.0,38.0,66.92,12.29,253.0,224.0,42.0,0.75,0.5,1.0,0.2,,,False,False,True,True,False,False,False,False,False,False,True,True,True,False,False,True,False
1211,08-05-2025,Aug,13:45:00,"Godavari river at D/s of Nashik near Amardham, Village. GadgebabaMaharaj Nagar, Taluka . Nashik, District. Nashik.",River,Godavri ,Godavri ,Nashik,Maharashtra,Maharashtra PCB,Monthly,Industrial Effluent,A,Industrial,Clear,Less than 50cm,"Bathing,Washing",Yes,Clear,,0.0,,4.1,8.6,311.0,6.2,2.65,17.0,220.0,1.8,6.4,5.0,66.0,18.49,20.0,1.5,0.4,86.0,46.0,40.0,64.06,11.93,244.0,220.0,49.0,0.94,0.5,1.0,0.2,,,False,False,True,True,False,False,False,False,False,False,True,True,True,False,False,True,False
2177,08-05-2025,Aug,12:40:00,"Godavari river near Someshwar Temple, Village. Someshwar, Taluka. Nashik, District. Nashik.",River,Godavri ,Godavri ,Nashik,Maharashtra,Maharashtra PCB,Monthly,Industrial Effluent,A,Industrial,Clear,Less than 50cm,"Boating,Tourism Spot",Yes,Clear,,0.0,,5.6,9.1,345.0,3.0,4.92,25.0,540.0,1.8,25.2,,70.0,17.49,12.0,1.5,0.4,88.0,48.0,40.0,73.26,12.11,271.0,244.0,36.0,1.15,0.5,1.0,0.2,,,False,False,True,True,False,False,False,False,False,False,True,True,True,False,False,True,False
2178,08-05-2025,Aug,12:55:00,"Chikhali nallah meets Godavari river, Village. Chikhali, Taluka. Nashik, District. Nashik.",Nala,Chikhali Nalla,Chikhali Nalla,Nashik,Maharashtra,Maharashtra PCB,Monthly,Industrial Effluent,A,Industrial,Clear,Less than 50cm,Others,Yes,Clear,,0.0,,3.0,7.9,376.0,8.8,4.28,94.0,920.0,1.8,23.0,5.0,188.0,113.96,32.0,11.76,4.85,230.0,136.0,94.0,158.68,50.81,300.0,270.0,112.0,5.2,0.5,1.0,0.2,,,False,False,True,False,False,False,False,False,False,False,True,True,True,False,False,True,False
2179,08-05-2025,Aug,13:15:00,"Godavari river at Hanuman Ghat, Village. Nashik city, Taluka. Nashik, District. Nashik.",River,Godavri ,Godavri ,Nashik,Maharashtra,Maharashtra PCB,Monthly,Industrial Effluent,A,Industrial,Clear,Less than 50cm,Bathing,Yes,Clear,,0.0,,4.8,8.4,337.0,4.8,2.49,13.0,140.0,1.8,25.0,5.0,66.0,19.49,16.0,1.5,0.4,86.0,46.0,40.0,131.92,12.78,262.0,236.0,52.0,0.91,0.5,1.0,0.2,,,False,False,True,True,False,False,False,False,False,False,True,True,True,False,False,True,False
2180,08-05-2025,Aug,14:45:00,"Godavari river at Tapovan,Village. Tapovan, Taluka. Nashik, District. Nashik.",River,Godavri ,Godavri ,Nashik,Maharashtra,Maharashtra PCB,Monthly,Industrial Effluent,A,Industrial,Clear,Less than 50cm,"Bathing,Washing",Yes,Clear,,0.0,,5.1,8.4,324.0,4.6,2.45,63.0,920.0,1.8,20.1,5.0,62.0,18.49,16.0,1.5,0.4,80.0,46.0,34.0,64.92,35.19,255.0,228.0,49.0,1.42,0.5,1.0,0.2,,,False,False,True,True,False,False,False,False,False,False,True,True,True,False,False,True,False
2181,08-05-2025,Aug,14:50:00,"Godavari river at Kapila. Godavari confluence point,  Village. Tapovan, Taluka. Nashik, District. Nashik.",River,Godavri ,Godavri ,Nashik,Maharashtra,Maharashtra PCB,Monthly,Industrial Effluent,A,Industrial,Clear,Less than 50cm,"Bathing,Washing",Yes,Clear,,0.0,,4.8,7.8,715.0,8.6,1.4,63.0,920.0,1.8,15.8,5.0,154.0,46.49,28.0,19.92,7.34,186.0,110.0,76.0,225.8,11.73,575.0,519.0,142.0,3.68,0.5,1.0,0.2,,,False,False,True,False,False,False,False,False,False,False,True,True,True,False,False,True,False
2182,08-05-2025,Aug,04:05:00,"Godavari river at Saikheda village,  Village. Saikheda, Taluka. Niphad, District. Nashik.",River,Godavri ,Godavri ,Nashik,Maharashtra,Maharashtra PCB,Monthly,Industrial Effluent,A,Industrial,Clear,Less than 50cm,"Bathing,Washing",Yes,Clear,,0.0,,5.4,8.5,317.0,3.2,2.53,17.0,240.0,1.8,6.8,,60.0,24.49,12.0,1.5,0.4,80.0,42.0,38.0,58.12,13.69,251.0,223.0,33.0,2.16,0.5,1.0,0.2,,,False,False,True,True,False,False,False,False,False,False,True,True,True,False,False,True,False
2183,08-05-2025,Aug,16:50:00,"Godavari river at Nandur.Madhmeshwar Dam, Village. Nandur, Taluka. Niphad, District. Nashik.",River,Godavri ,Godavri ,Nashik,Maharashtra,Maharashtra PCB,Monthly,Industrial Effluent,A,Industrial,Clear,Less than 50cm,Others,Yes,Clear,,0.0,,5.0,9.3,334.0,4.4,2.72,12.0,94.0,1.8,16.0,5.0,66.0,25.49,16.0,1.5,0.4,84.0,46.0,38.0,69.78,15.72,267.0,241.0,61.0,1.42,0.5,1.0,0.2,,,False,False,True,True,False,False,False,False,False,False,True,True,True,False,False,True,False
2660,08-04-2025,Aug,13:10:00,"Darna river at Chehedi water works (pumping station), Village. Chehedi, Taluka. Nashik, District. Nashik.",River,Darna ,Darna ,Nashik,Maharashtra,Maharashtra PCB,Monthly,Industrial Effluent,A,Industrial,Clear,Less than 50cm,Others,Yes,Clear,,0.0,,4.7,7.9,363.0,5.4,2.77,12.0,170.0,1.8,10.3,5.0,60.0,19.99,20.0,1.5,0.4,76.0,40.0,36.0,50.9,14.34,277.0,246.0,71.0,0.94,0.5,1.0,0.2,,,False,False,True,True,False,False,False,False,False,False,True,True,True,False,False,True,False
2661,08-04-2025,Aug,11:25:00,"Darna river at Aswali ( Darna Dam),Village. Aswali,Taluka. Igatpuri,District. Nashik.",River,Darna ,Darna ,Nashik,Maharashtra,Maharashtra PCB,Monthly,Industrial Effluent,A,Industrial,Clear,Less than 50cm,Others,Yes,Clear,,0.0,,5.6,8.0,182.0,3.2,1.4,13.0,170.0,1.8,20.9,5.0,22.0,8.0,12.0,1.5,0.4,30.0,18.0,12.0,16.24,5.07,142.0,116.0,34.0,0.81,0.5,1.0,0.2,,,False,False,True,True,False,False,False,False,False,False,True,True,True,False,False,True,False
2662,08-04-2025,Aug,12:05:00,"Darna river at MES site pumping station, Village. Bhagur, Taluka. Nashik, District. Nashik.",River,Darna ,Darna ,Nashik,Maharashtra,Maharashtra PCB,Monthly,Industrial Effluent,A,Industrial,Clear,Less than 50cm,Others,Yes,Clear,,0.0,,5.4,8.1,223.0,4.8,1.65,15.0,220.0,1.8,4.0,5.0,30.0,11.0,16.0,1.5,0.4,42.0,24.0,18.0,18.34,6.74,172.0,151.0,43.0,1.41,0.5,1.0,0.2,,,False,False,True,True,False,False,False,False,False,False,True,True,True,False,False,True,False
2663,08-04-2025,Aug,12:05:00,"Darna river at Bhagur pumping station near Pandhurli bridge, Village. Bhagur,Taluka. Nashik,District. Nashik.",River,Darna ,Darna ,Nashik,Maharashtra,Maharashtra PCB,Monthly,Industrial Effluent,A,Industrial,Clear,Less than 50cm,Others,Yes,Clear,,0.0,,5.5,7.8,255.0,4.8,1.54,17.0,240.0,1.8,12.0,5.0,30.0,12.0,16.0,1.5,0.4,40.0,22.0,18.0,17.08,7.22,204.0,181.0,64.0,0.72,0.5,1.0,0.2,,,False,False,True,True,False,False,False,False,False,False,True,True,True,False,False,True,False
2664,08-04-2025,Aug,12:40:00,"Darna river at Sansari, Village. Sansari,Taluka. Nashik,District. Nashik.",River,Darna ,Darna ,Nashik,Maharashtra,Maharashtra PCB,Monthly,Industrial Effluent,A,Industrial,Clear,Less than 50cm,Others,Yes,Clear,,0.0,,4.6,7.1,210.0,5.6,2.23,17.0,220.0,1.8,11.2,,36.0,15.0,20.0,1.5,0.4,50.0,28.0,22.0,24.6,10.02,187.0,140.0,58.0,0.72,0.5,1.0,0.2,,,False,False,True,True,False,False,False,False,False,False,True,True,True,False,False,True,False
1314,08-05-2025,Aug,02:40:00,"Tapi river at Ubad village near Gujratborder, Village. Ubad, Taluka. Shahada, District. Nandurbar.",River,Tapi ,Tapi ,Dhule,Maharashtra,Maharashtra PCB,Monthly,Industrial Effluent,A,Industrial,Clear,Less than 50cm,Others,Yes,Clear,,0.0,22.0,4.2,8.1,305.0,6.0,2.74,14.0,220.0,1.8,26.4,5.0,54.0,22.49,20.0,1.68,0.68,70.0,40.0,30.0,67.18,19.22,247.0,221.0,69.0,0.95,0.5,1.0,0.2,,,False,False,True,False,False,False,False,False,False,False,True,True,True,False,False,True,False
2666,08-05-2025,Aug,03:30:00,"Gomai river D/s. of Shahada, Village. Shahada,Taluka. Dhule,District. Dhule.",River,Gomai ,Gomai ,Dhule,Maharashtra,Maharashtra PCB,Monthly,Industrial Effluent,A,Industrial,Clear,Less than 50cm,Others,Yes,Clear,,0.0,22.0,4.0,7.7,320.0,8.8,2.67,17.0,280.0,1.8,25.8,5.0,56.0,39.99,28.0,1.5,0.4,76.0,42.0,34.0,19.75,19.75,252.0,229.0,78.0,0.88,0.5,1.0,0.2,,,False,False,True,True,False,False,False,False,False,False,True,True,True,False,False,True,False
2670,08-06-2025,Aug,11:40:00,"Kan river at Sakri water works, Village. Sakri, Taluka. Dhule, District. Dhule.",River,Kan ,Kan ,Dhule,Maharashtra,Maharashtra PCB,Monthly,Industrial Effluent,A,Industrial,Clear,Less than 50cm,Others,Yes,Clear,,0.0,18.0,5.2,8.3,268.0,4.2,2.6,21.0,540.0,1.8,47.1,5.0,48.0,32.49,16.0,1.5,0.4,62.0,34.0,28.0,25.08,11.07,211.0,186.0,44.0,0.83,0.5,1.0,0.2,,,False,False,True,True,False,False,False,False,False,False,True,True,True,False,False,True,False
2684,08-06-2025,Aug,11:00:00,"Panzara river, Near Panzarakan SSK Ltd, Village. Panzara,Taluka. Dhule, District. Dhule.",River,Panzara ,Panzara ,Dhule,Maharashtra,Maharashtra PCB,Monthly,Industrial Effluent,A,Industrial,Clear,Less than 50cm,Others,Yes,Clear,,0.0,18.0,5.0,8.3,264.0,4.0,2.6,26.0,210.0,1.8,30.1,5.0,46.0,29.99,16.0,1.5,0.4,60.0,34.0,26.0,24.34,11.06,209.0,191.0,49.0,0.83,0.5,1.0,0.2,,,False,False,True,True,False,False,False,False,False,False,True,True,True,False,False,True,False
1907,08-06-2025,Aug,01:30:00,"Rangavali river at D/s of Navapur near Rangavali bridge, Village. Navapur, Taluka. Navapur, District. Nandurbar.",River,Rangavali ,Rangavali ,Dhule,Maharashtra,Maharashtra PCB,Monthly,Industrial Effluent,A,Industrial,Clear,Less than 50cm,Others,Yes,Clear,,0.0,20.0,5.2,8.3,281.0,4.0,1.83,20.0,350.0,1.8,11.8,5.0,50.0,10.5,12.0,1.5,0.4,64.0,36.0,28.0,28.76,9.67,228.0,205.0,42.0,1.02,0.5,1.0,0.2,21.163233333333334,73.78685,False,False,True,True,False,False,False,False,False,False,True,True,True,False,False,True,False
1463,08-07-2025,Aug,10:30:00,"Nira river at Sarola bridge, Village. Sarola, Taluka.Bhor, District. Pune.",River,Nira ,Nira ,Pune,Maharashtra,Maharashtra PCB,Monthly,,A,,Clear,Less than 50cm,Others,Yes,Clear,,0.0,27.5,4.5,7.9,236.0,6.2,0.6,9.2,540.0,1.8,1.0,42.0,20.0,15.15,16.0,1.5,0.4,68.0,32.0,36.0,6.71,8.75,187.0,155.0,11.0,0.2,0.9,1.0,0.2,18.176466666666666,73.95478333333334,False,False,True,True,False,True,False,False,False,True,False,True,True,False,False,False,True
2191,08-05-2025,Aug,13:45:00,"Mutha river at Sangam bridge near Ganapathyghat, Village . Shivaji Nagar,  Taluka. Pune, District. Pune.",River,Mutha ,Mutha ,Pune,Maharashtra,Maharashtra PCB,Monthly,,A,,Clear,Less than 50cm,Others,Yes,Clear,,0.0,27.5,2.4,7.5,529.0,27.0,2.36,79.0,1600.0,11.0,8.95,5.0,96.0,44.89,84.0,8.4,3.43,150.0,78.0,72.0,5.0,31.71,415.0,337.0,30.0,0.59,2.5,6.67,0.6,,,False,False,False,False,False,False,True,False,False,False,False,False,False,False,False,True,False
2192,08-05-2025,Aug,12:30:00,"Mula - Mutha river at Mundhawa bridge,Village. Mundhawa,Taluka. Haweli,District. Pune.",River,Mula Mutha ,Mula Mutha ,Pune,Maharashtra,Maharashtra PCB,Monthly,,A,,Clear,Less than 50cm,Others,Yes,Clear,,0.0,27.5,4.1,7.4,486.0,12.5,0.7,41.0,1600.0,6.0,3.34,5.0,94.0,41.74,36.0,6.72,2.84,138.0,70.0,68.0,5.0,26.31,385.0,311.0,12.0,0.56,2.3,4.42,0.5,,,False,False,False,False,False,False,True,False,False,False,False,False,False,False,False,True,False
2193,08-05-2025,Aug,15:45:00,"Mula river at Aundh bridge, Village. Aundhgaon,Taluka. Haweli, District. Pune.",River,Mula ,Mula ,Pune,Maharashtra,Maharashtra PCB,Monthly,,A,,Clear,Less than 50cm,Others,Yes,Clear,,0.0,27.5,4.1,7.4,414.0,7.2,0.61,120.0,1600.0,1.8,1.8,5.0,74.0,25.49,24.0,2.8,1.03,118.0,60.0,58.0,5.0,16.9,328.0,263.0,11.0,1.12,1.4,2.22,0.7,,,False,False,True,False,False,False,True,False,False,False,False,False,False,False,False,True,False
2194,08-05-2025,Aug,16:05:00,"Mula river at Harrison bridge near Mula.Pawana sangam, Village. Bopodi,Taluka. Haweli, District. Pune.",River,Mula ,Mula ,Pune,Maharashtra,Maharashtra PCB,Monthly,,A,,Clear,Less than 50cm,Others,Yes,Clear,,0.0,27.5,4.4,7.7,411.0,7.0,0.52,240.0,1600.0,32.0,1.47,5.0,70.0,25.59,20.0,4.48,1.82,116.0,56.0,60.0,5.77,17.42,326.0,265.0,12.0,0.48,1.9,2.27,0.9,,,False,False,False,False,False,False,False,False,False,False,False,False,False,False,False,True,False
2195,08-07-2025,Aug,12:10:00,"Nira river at D/s of Jubilant Organosis,  Village. Nimbut, Taluka. Baramati, District. Pune.",River,Nira ,Nira ,Pune,Maharashtra,Maharashtra PCB,Monthly,,A,,Clear,Less than 50cm,Others,Yes,Clear,,0.0,27.5,6.1,8.3,619.0,5.0,0.8,21.0,350.0,1.8,1.0,6.0,126.0,56.68,16.0,1.68,0.42,174.0,90.0,84.0,14.43,69.7,489.0,398.0,11.0,0.2,0.5,1.0,0.7,,,False,False,True,False,False,True,False,False,False,True,True,True,False,False,False,False,False
2682,08-07-2025,Aug,11:55:00,"Nira river at U/s of Jubilant Organosis, Village. Nira (Dattaghat),Taluka. Baramati, District. Pune.",River,Nira ,Nira ,Pune,Maharashtra,Maharashtra PCB,Monthly,,A,,Clear,Less than 50cm,Others,Yes,Clear,,0.0,27.5,6.7,8.3,420.0,3.8,0.72,6.0,350.0,1.8,1.0,8.0,88.0,33.29,12.0,2.24,0.7,120.0,60.0,60.0,6.71,43.26,335.0,274.0,10.0,0.2,0.5,1.0,0.4,,,False,False,True,False,False,True,False,False,False,True,True,True,False,False,True,False,False
2656,08-04-2025,Aug,15:55:00,"Bhima river. Backwater of Ujani Dam, near raw water pump house, Village. Kumbargaon, Taluka. Indapur, District. Pune.",River,Bhima ,Bhima ,Pune,Maharashtra,Maharashtra PCB,Monthly,,A,,Clear,Less than 50cm,Others,Yes,Clear,,0.0,27.5,4.5,8.2,633.0,8.0,0.78,1.8,540.0,1.8,2.24,6.0,126.0,74.18,32.1,1.68,0.46,178.0,92.0,86.0,5.4,62.58,496.0,402.0,14.0,0.2,0.5,3.13,0.2,,,True,False,True,False,False,False,False,False,False,True,True,False,True,False,False,False,False
2678,08-05-2025,Aug,14:05:00,"Mutha river near Veer Savarkar Bhavan, Village. Pune  M.C, Taluka. Pune, District .Pune.",River,Mutha ,Mutha ,Pune,Maharashtra,Maharashtra PCB,Monthly,,A,,Clear,Less than 50cm,Others,Yes,Clear,,0.0,27.5,2.2,7.4,456.0,28.0,2.21,540.0,1600.0,4.5,9.72,5.0,100.0,39.69,88.0,7.28,3.1,156.0,80.0,76.0,5.25,30.95,433.0,354.0,42.0,0.35,2.6,5.94,0.7,,,False,False,False,False,False,False,False,False,False,False,False,False,False,False,False,True,False
2679,08-05-2025,Aug,14:15:00,"Mutha river at Deccan bridge, Village. Deccan,Taluka. Pune, District. Pune.",River,Mutha ,Mutha ,Pune,Maharashtra,Maharashtra PCB,Monthly,,A,,Clear,Less than 50cm,Others,Yes,Clear,,0.0,27.5,2.1,7.4,551.0,28.0,3.11,20.0,1600.0,6.1,8.43,5.0,104.0,44.44,92.0,11.2,5.14,158.0,82.0,76.0,5.0,30.8,436.0,358.0,44.0,0.32,2.7,5.81,0.8,,,False,False,False,False,False,False,True,False,False,False,False,False,False,False,False,True,False
1189,08-05-2025,Aug,14:50:00,"Bhima river at Pune (Mutha river) at U/s of Vithalwadi near Shankar Mandir, Village. Vithalwadi, Taluka. Haweli, District. Pune.",River,Bhima ,Bhima ,Pune,Maharashtra,Maharashtra PCB,Monthly,,A,,Clear,Less than 50cm,Others,Yes,Clear,,0.0,27.5,1.3,7.5,606.0,26.0,1.84,48.0,1600.0,4.5,7.31,5.0,120.0,44.49,80.0,6.72,2.64,174.0,88.0,86.0,5.0,30.71,479.0,390.0,34.0,0.2,1.8,5.41,0.7,,,False,False,False,False,False,False,True,False,False,True,False,False,False,False,False,True,False
1190,08-05-2025,Aug,11:55:00,"Bhima river at D/s of Bundgarden, Village . Yerwada,Taluka. Haweli, District. Pune.",River,Bhima ,Bhima ,Pune,Maharashtra,Maharashtra PCB,Monthly,,A,,Clear,Less than 50cm,Others,Yes,Clear,,0.0,27.5,3.9,7.4,478.0,13.0,0.83,17.0,1600.0,2.0,3.86,90.0,20.0,41.24,40.0,3.36,1.5,134.0,66.0,68.0,6.29,28.38,378.0,306.0,10.0,0.2,1.7,4.72,0.9,,,False,False,False,False,False,False,False,False,False,True,False,False,False,False,True,False,True
1191,08-04-2025,Aug,13:20:00,"Bhima river after confluence with Mula.Mutha at Pargaon near Vasant Bandara,Village. Pargaon,Taluka. Daund, District. Pune.",River,Bhima ,Bhima ,Pune,Maharashtra,Maharashtra PCB,Monthly,,A,,Clear,Less than 50cm,Others,Yes,Clear,,0.0,28.0,3.2,7.3,370.0,13.5,0.92,1.8,350.0,1.8,1.81,5.0,68.0,32.49,48.2,2.8,0.83,104.0,54.0,50.0,5.0,25.27,292.0,237.0,11.0,0.2,0.5,4.78,0.2,,,True,False,True,False,False,False,True,False,False,True,True,False,True,False,False,True,False
1192,08-04-2025,Aug,14:40:00,"Bhima river at Daund near Mahadev temple,Village. Daund, Taluka. Daund, District. Pune.",River,Bhima ,Bhima ,Pune,Maharashtra,Maharashtra PCB,Monthly,,A,,Clear,Less than 50cm,Others,Yes,Clear,,0.0,28.0,3.8,7.8,368.0,12.0,1.24,1.8,1600.0,1.8,1.19,5.0,64.0,32.29,60.2,2.24,0.59,102.0,50.0,52.0,8.16,27.97,288.0,232.0,15.0,0.2,0.7,1.98,0.2,,,True,False,True,False,False,False,False,False,False,True,False,False,True,False,False,True,False
36,08-05-2025,Aug,12:30:00,"Krishna river at Krishna bridge, ( Krishna river at NH.4 bridge ) Village. Karad, Taluka. Karad, District. Satara.",River,Krishna ,Krishna ,Satara,Maharashtra,Maharashtra PCB,Monthly,Industrial Effluent,A,Industrial,Raining,Less than 50cm,"Bathing,Washing",Yes,Light Brown,Odor Free,0.0,26.0,6.2,8.0,261.0,2.8,0.53,70.0,540.0,1.8,2.1,5.0,40.0,14.0,8.0,2.24,0.59,74.0,30.0,44.0,5.37,13.2,209.0,171.0,12.0,0.2,1.3,1.0,0.2,,,False,False,True,False,False,False,False,False,False,True,False,True,True,False,False,True,False
2186,08-07-2025,Aug,08:30:00,"Venna river at Varye, Village . Varye,Taluka. Satara, District. Satara.",River,Venna ,Venna ,Satara,Maharashtra,Maharashtra PCB,Monthly,Industrial Effluent,A,Industrial,Raining,Less than 50cm,"Bathing,Washing",Yes,Clear,Odor Free,0.0,24.0,6.0,8.2,208.0,5.2,0.81,4.5,170.0,1.8,4.06,5.0,46.0,6.75,16.0,1.5,0.46,60.0,30.0,30.0,7.25,6.24,165.0,137.0,16.0,0.2,0.5,1.0,0.2,,,False,False,True,True,False,False,False,False,False,True,True,True,True,False,False,True,False
2187,08-04-2025,Aug,11:10:00,"Krishna river at Kshetra Mahuli, Village. Kshetra.Mahuli,Taluka. Mahuli, District. Satara.",River,Krishna ,Krishna ,Satara,Maharashtra,Maharashtra PCB,Monthly,Industrial Effluent,A,Industrial,Raining,Less than 50cm,"Bathing,Washing",Yes,Light Brown,Odor Free,0.0,26.0,5.5,7.9,280.0,4.2,0.87,21.0,540.0,1.8,3.09,5.0,66.0,12.8,16.0,1.68,0.51,82.0,44.0,38.0,5.0,11.52,223.0,182.0,12.0,0.22,0.5,1.0,0.4,,,False,False,True,False,False,False,True,False,False,False,True,True,False,False,False,True,False
2188,08-04-2025,Aug,11:30:00,"Krishna river at Krishna. Venna Sangam Mahuli , Village. Mahuli,Taluka. Mahuli, District. Satara.",River,Krishna ,Krishna ,Satara,Maharashtra,Maharashtra PCB,Monthly,Industrial Effluent,A,Industrial,Raining,Less than 50cm,"Bathing,Washing",Yes,Light Brown,Odor Free,0.0,27.0,5.9,7.9,292.0,4.0,0.73,32.0,540.0,1.8,2.42,5.0,68.0,12.9,16.0,2.24,0.76,86.0,44.0,42.0,5.51,11.72,229.0,186.0,11.0,0.2,0.5,1.0,0.3,,,False,False,True,False,False,False,False,False,False,True,True,True,False,False,False,True,False
2189,08-05-2025,Aug,11:30:00,"Koyna River at Karad, Village. Karad,Taluka. Karad, District. Satara.",River,Koyna ,Koyna ,Satara,Maharashtra,Maharashtra PCB,Monthly,Industrial Effluent,A,Industrial,Raining,Less than 50cm,"Bathing,Washing",Yes,Light Green,Odor Free,0.0,26.0,5.9,8.1,172.0,4.6,0.72,12.0,540.0,1.8,2.89,5.0,38.0,7.9,16.0,2.8,0.67,50.0,26.0,24.0,5.37,9.15,136.0,112.0,11.0,0.2,1.2,1.0,0.2,,,False,False,True,False,False,False,False,False,False,True,False,True,True,False,False,True,False
2190,08-07-2025,Aug,10:30:00,"Krishna river at Wai, Village. Wai,Taluka. Wai,District. Satara.",River,Krishna ,Krishna ,Satara,Maharashtra,Maharashtra PCB,Monthly,Industrial Effluent,A,Industrial,Raining,Less than 50cm,"Bathing,Washing",Yes,Clear,Odor Free,0.0,25.0,5.2,8.1,528.0,7.2,1.06,1.8,350.0,1.8,1.0,5.0,108.0,15.95,24.0,2.24,0.55,150.0,72.0,78.0,7.25,17.01,418.0,337.0,10.0,0.2,0.5,1.0,0.2,,,True,False,True,False,False,True,False,False,False,True,True,True,True,False,True,True,False
2681,08-04-2025,Aug,04:00:00,"Nira river at Sangavi, Village. Sangavi, Taluka. Phaltan, District. Satara.",River,Nira ,Nira ,Satara,Maharashtra,Maharashtra PCB,Monthly,Industrial Effluent,A,Industrial,Raining,Less than 50cm,"Bathing,Washing",Yes,Clear,Odor Free,0.0,27.0,6.1,8.3,149.0,4.0,0.44,1.8,33.0,1.8,2.2,12.0,32.0,7.35,12.0,3.36,0.96,44.0,20.0,24.0,5.0,6.0,118.0,96.0,11.0,0.2,0.9,1.0,0.3,,,True,False,True,False,False,False,True,False,False,True,False,True,False,False,False,False,False
2683,08-04-2025,Aug,02:30:00,"Nira river at Shindewadi,  Village. Shirval, Taluka. Khandala, District. Satara.",River,Nira ,Nira ,Satara,Maharashtra,Maharashtra PCB,Monthly,Industrial Effluent,A,Industrial,Raining,Less than 50cm,"Bathing,Washing",Yes,Light Brown,Odor Free,0.0,27.0,5.4,8.1,166.0,5.2,0.59,17.0,540.0,1.8,5.52,5.0,34.0,10.45,20.0,2.24,0.63,46.0,22.0,24.0,5.0,5.94,133.0,109.0,16.0,0.2,0.5,1.0,0.2,,,False,False,True,False,False,False,True,False,False,True,True,True,True,False,False,True,False
2711,08-05-2025,Aug,10:00:00,"Urmodi river at Nagthne, Village. Nagthane,Taluka. Satara, District. Satara.",River,Urmodi ,Urmodi ,Satara,Maharashtra,Maharashtra PCB,Monthly,Industrial Effluent,A,Industrial,Raining,Less than 50cm,"Bathing,Washing",Yes,Light Brown,Odor Free,0.0,25.0,5.1,7.9,415.0,7.6,0.81,14.0,540.0,1.8,6.14,5.0,82.0,21.74,28.0,2.8,0.65,116.0,60.0,56.0,5.0,18.83,328.0,265.0,23.0,0.2,0.6,1.0,0.2,,,False,False,True,False,False,False,True,False,False,True,False,True,True,False,False,True,False
2716,08-07-2025,Aug,04:00:00,"Venna river at  Mahabaleshwar, Village. Mahabaleshwar, Taluka. Mahabaleshwar, District. Satara.",River,Venna ,Venna ,Satara,Maharashtra,Maharashtra PCB,Monthly,Industrial Effluent,A,Industrial,Raining,Less than 50cm,"Bathing,Washing",Yes,Clear,Odor Free,0.0,24.0,6.4,7.5,45.0,3.8,0.52,17.0,220.0,1.8,2.34,5.0,20.0,6.75,12.0,1.5,0.4,16.0,8.0,8.0,7.85,5.0,36.0,30.0,12.0,0.2,0.5,1.0,0.2,,,False,False,True,True,False,False,False,True,False,True,True,True,True,False,False,True,True
2717,08-04-2025,Aug,09:50:00,"Venna river at Mahuli, Village. Mahuli, Taluka. Mahuli, District. Satara.",River,Venna ,Venna ,Satara,Maharashtra,Maharashtra PCB,Monthly,Industrial Effluent,A,Industrial,Raining,Less than 50cm,"Bathing,Washing",Yes,Light Brown,Odor Free,0.0,26.0,6.4,8.1,277.0,3.6,0.62,46.0,350.0,1.8,3.69,5.0,60.0,14.2,12.0,2.24,0.7,80.0,40.0,40.0,5.0,11.08,221.0,181.0,11.0,0.2,0.5,1.0,0.2,,,False,False,True,False,False,False,True,False,False,True,True,True,True,False,False,True,False
1194,08-07-2025,Aug,12:15:00,"Krishna river at Dhom Dam, Village. Wai, Taluka.Mahabaleshwar, District.Satara.",River,Krishna ,Krishna ,Satara,Maharashtra,Maharashtra PCB,Monthly,Industrial Effluent,A,Industrial,Raining,Less than 50cm,"Bathing,Washing",Yes,Clear,Odor Free,0.0,25.0,6.8,8.2,111.0,2.4,0.41,1.8,350.0,1.8,1.0,5.0,20.0,10.55,8.0,1.5,0.4,32.0,10.0,22.0,6.95,5.0,88.0,70.0,10.0,0.2,0.5,1.0,0.2,,,True,False,True,True,False,True,False,True,False,True,True,True,True,False,True,True,True
28,08-08-2025,Aug,10:15:00,"Bhima river at Takli near Karnataka border, Village. Takali, Taluka. South Solapur,  District. Solapur.",River,Bhima ,Bhima ,Solapur,Maharashtra,Maharashtra PCB,Monthly,,C,,Clear,Greater than 100cm,Others,No,Clear,,0.0,27.0,5.1,8.2,721.0,8.2,1.23,11.0,240.0,1.8,1.88,5.0,142.0,67.43,32.0,1.68,0.56,204.0,112.0,92.0,8.54,59.79,570.0,466.0,14.0,0.2,0.5,1.81,0.3,,,False,False,True,False,False,False,False,False,False,True,True,False,False,False,False,True,False
1188,08-07-2025,Aug,14:15:00,"Bhima river at Narsingpur  near Sangam bridge after confluence with Nira, Village. Narsingpur, Taluka.Malshiros, District. Solapur.",River,Bhima ,Bhima ,Solapur,Maharashtra,Maharashtra PCB,Monthly,,C,,Clear,Greater than 100cm,Others,No,Clear,,0.0,30.0,5.2,8.3,610.0,7.2,1.0,350.0,1600.0,49.0,1.59,5.0,108.0,62.23,28.0,1.68,0.53,172.0,86.0,86.0,36.0,29.88,483.0,392.0,13.0,0.51,1.0,1.0,0.2,,,False,False,False,False,False,False,False,False,False,False,False,True,True,False,False,True,False
1911,08-07-2025,Aug,12:25:00,"Chandrabhaga river at U/s of Pandharpur town, Village. Gursale,Taluka. Pandharpur, District. Solapur.",River,Chandrabhaga ,Chandrabhaga ,Solapur,Maharashtra,Maharashtra PCB,Monthly,,C,,Clear,Greater than 100cm,Others,No,Clear,,0.0,30.0,5.1,8.2,816.0,7.6,0.92,12.0,430.0,1.8,2.41,5.0,162.0,82.42,32.0,2.24,0.69,228.0,118.0,110.0,8.51,32.85,648.0,530.0,11.0,0.22,0.5,1.99,0.2,17.72995,75.31241666666666,False,False,True,False,False,False,False,False,False,False,True,False,True,False,False,True,False
1912,08-07-2025,Aug,11:30:00,"Chandrabhaga river at D/s of Pandharpur town rear Vishnupant Mandir, Village. Gopalpur,Taluka. Pandharpur,District. Solapur.",River,Chandrabhaga ,Chandrabhaga ,Solapur,Maharashtra,Maharashtra PCB,Monthly,,B,,Clear,Greater than 100cm,"Bathing,Washing,Boating",No,Clear,,0.0,30.0,4.7,8.3,796.0,8.6,1.56,1.8,540.0,1.8,2.43,6.0,154.0,78.93,36.0,1.5,0.4,224.0,114.0,110.0,8.16,48.57,624.0,510.0,16.0,0.93,0.5,1.16,0.7,17.6681,75.34731666666667,True,False,True,True,False,False,False,False,False,False,True,False,False,False,False,False,False
2789,08-07-2025,Aug,13:35:00,"Nalla at D/s of Aklai Mandir, Village. Aklai, Taluka. Malshiras, District. Solapur.",Nala,Nira,Nira ,Solapur,Maharashtra,Maharashtra PCB,Monthly,,B,,Clear,Greater than 100cm,"Bathing,Washing,Others",No,Clear,,0.0,30.0,5.3,8.3,587.0,5.4,0.77,70.0,540.0,17.0,6.15,5.0,104.0,59.48,20.0,1.68,0.44,166.0,88.0,78.0,34.04,69.64,465.0,374.0,24.0,0.73,0.5,4.45,0.3,,,False,False,False,False,False,False,False,False,False,False,True,False,False,False,False,True,False
5995,08-08-2025,Aug,11:10:00,"Ujani dam pumping station, Dist- Solapur ",Dam,,,Solapur,Maharashtra,Maharashtra PCB,Monthly,,C,,Clear,Greater than 100cm,"Bathing,Washing,Cultivation,Fishing,Boating,Gardening,Tourism Spot",No,Clear,,0.0,28.0,6.2,8.3,734.0,4.0,0.55,26.0,110.0,2.0,2.12,5.0,134.0,69.98,12.0,1.68,0.52,208.0,110.0,98.0,37.88,30.91,580.0,472.0,14.0,0.2,0.5,1.0,0.2,,,False,False,False,False,False,False,False,False,False,True,True,True,True,False,False,True,False
